-- phpMyAdmin SQL Dump
-- version 5.2.1
-- https://www.phpmyadmin.net/
--
-- Host: 127.0.0.1
-- Waktu pembuatan: 29 Jul 2025 pada 17.27
-- Versi server: 10.4.32-MariaDB
-- Versi PHP: 8.2.12

SET SQL_MODE = "NO_AUTO_VALUE_ON_ZERO";
START TRANSACTION;
SET time_zone = "+00:00";


/*!40101 SET @OLD_CHARACTER_SET_CLIENT=@@CHARACTER_SET_CLIENT */;
/*!40101 SET @OLD_CHARACTER_SET_RESULTS=@@CHARACTER_SET_RESULTS */;
/*!40101 SET @OLD_COLLATION_CONNECTION=@@COLLATION_CONNECTION */;
/*!40101 SET NAMES utf8mb4 */;

--
-- Database: `uaspbd`
--

DELIMITER $$
--
-- Prosedur
--
CREATE DEFINER=`root`@`localhost` PROCEDURE `tampilkan_kendaraan` ()   BEGIN
    SELECT * FROM kendaraan;
END$$

CREATE DEFINER=`root`@`localhost` PROCEDURE `update_status_pemesanan` (IN `id_pesan` INT, IN `status_baru` VARCHAR(50))   BEGIN
    DECLARE jml INT;
    SELECT COUNT(*) INTO jml FROM pemesanan WHERE id_pemesanan = id_pesan;

    IF jml = 0 THEN
        SELECT 'Data pemesanan tidak ditemukan' AS pesan;
    ELSE
        UPDATE pemesanan 
        SET status = status_baru 
        WHERE id_pemesanan = id_pesan;
        SELECT CONCAT('Status pemesanan ID ', id_pesan, ' berhasil diperbarui ke ', status_baru) AS pesan;
    END IF;
END$$

--
-- Fungsi
--
CREATE DEFINER=`root`@`localhost` FUNCTION `total_kendaraan_tersedia` () RETURNS INT(11) DETERMINISTIC BEGIN
    DECLARE total INT;
    SELECT COUNT(*) INTO total 
    FROM kendaraan 
    WHERE status = 'Tersedia';
    RETURN total;
END$$

CREATE DEFINER=`root`@`localhost` FUNCTION `total_pendapatan` (`tgl_awal` DATE, `tgl_akhir` DATE) RETURNS DECIMAL(12,2) DETERMINISTIC BEGIN
    DECLARE total DECIMAL(12,2);
    SELECT SUM(total_harga) INTO total
    FROM pemesanan
    WHERE tgl_mulai BETWEEN tgl_awal AND tgl_akhir;
    RETURN IFNULL(total,0);
END$$

DELIMITER ;

-- --------------------------------------------------------

--
-- Struktur dari tabel `admin`
--

CREATE TABLE `admin` (
  `id_admin` int(10) UNSIGNED NOT NULL,
  `username` varchar(50) NOT NULL,
  `password` varchar(255) NOT NULL
) ENGINE=InnoDB DEFAULT CHARSET=utf8mb4 COLLATE=utf8mb4_unicode_ci;

--
-- Dumping data untuk tabel `admin`
--

INSERT INTO `admin` (`id_admin`, `username`, `password`) VALUES
(1, 'adminn', '$2y$12$NF1uMLEXy14cPTQIvn.6fOkYW8YP.6G7sOA.d3.ecQ6K1JCjcDxQ.'),
(3, 'Salma', '$2y$12$3kzEA3ZWENINqhBFiGgsluMhTebVpWZiZGIILD8Q8xfgKHAvawFBi'),
(4, 'hanjaya', '$2y$12$oHGX5DayxMKmskxoAW9PU.07VKewwmKC80msg6j7AoFYVPHcQmwrK'),
(7, 'Ubay', '$2y$12$YQmUXkRRmvpKC95efysgc.JSWWcnqqUsuYjvzQvOJxzSbpSZOxk9K'),
(10, 'Danang', '$2y$12$8PymgBGSDLpFQeMS635lT.NLTSY/v.s7OjHH4wCoxxoCPxTqC0NFO'),
(11, 'Izzuddin', '$2y$12$BwiILVUsu2XFZ8bBUKV5oekk6or.hjXhJ/CXJ3GgC/GNdSf2sIvMC');

-- --------------------------------------------------------

--
-- Struktur dari tabel `cache`
--

CREATE TABLE `cache` (
  `key` varchar(255) NOT NULL,
  `value` mediumtext NOT NULL,
  `expiration` int(11) NOT NULL
) ENGINE=InnoDB DEFAULT CHARSET=utf8mb4 COLLATE=utf8mb4_unicode_ci;

-- --------------------------------------------------------

--
-- Struktur dari tabel `cache_locks`
--

CREATE TABLE `cache_locks` (
  `key` varchar(255) NOT NULL,
  `owner` varchar(255) NOT NULL,
  `expiration` int(11) NOT NULL
) ENGINE=InnoDB DEFAULT CHARSET=utf8mb4 COLLATE=utf8mb4_unicode_ci;

-- --------------------------------------------------------

--
-- Struktur dari tabel `failed_jobs`
--

CREATE TABLE `failed_jobs` (
  `id` bigint(20) UNSIGNED NOT NULL,
  `uuid` varchar(255) NOT NULL,
  `connection` text NOT NULL,
  `queue` text NOT NULL,
  `payload` longtext NOT NULL,
  `exception` longtext NOT NULL,
  `failed_at` timestamp NOT NULL DEFAULT current_timestamp()
) ENGINE=InnoDB DEFAULT CHARSET=utf8mb4 COLLATE=utf8mb4_unicode_ci;

-- --------------------------------------------------------

--
-- Struktur dari tabel `jobs`
--

CREATE TABLE `jobs` (
  `id` bigint(20) UNSIGNED NOT NULL,
  `queue` varchar(255) NOT NULL,
  `payload` longtext NOT NULL,
  `attempts` tinyint(3) UNSIGNED NOT NULL,
  `reserved_at` int(10) UNSIGNED DEFAULT NULL,
  `available_at` int(10) UNSIGNED NOT NULL,
  `created_at` int(10) UNSIGNED NOT NULL
) ENGINE=InnoDB DEFAULT CHARSET=utf8mb4 COLLATE=utf8mb4_unicode_ci;

-- --------------------------------------------------------

--
-- Struktur dari tabel `job_batches`
--

CREATE TABLE `job_batches` (
  `id` varchar(255) NOT NULL,
  `name` varchar(255) NOT NULL,
  `total_jobs` int(11) NOT NULL,
  `pending_jobs` int(11) NOT NULL,
  `failed_jobs` int(11) NOT NULL,
  `failed_job_ids` longtext NOT NULL,
  `options` mediumtext DEFAULT NULL,
  `cancelled_at` int(11) DEFAULT NULL,
  `created_at` int(11) NOT NULL,
  `finished_at` int(11) DEFAULT NULL
) ENGINE=InnoDB DEFAULT CHARSET=utf8mb4 COLLATE=utf8mb4_unicode_ci;

-- --------------------------------------------------------

--
-- Struktur dari tabel `kendaraan`
--

CREATE TABLE `kendaraan` (
  `id_kendaraan` int(10) UNSIGNED NOT NULL,
  `tipe` varchar(50) DEFAULT NULL,
  `jenis` varchar(50) DEFAULT NULL,
  `plat_nomor` varchar(20) DEFAULT NULL,
  `harga_perhari` decimal(10,2) DEFAULT NULL,
  `gambar` varchar(100) DEFAULT NULL,
  `status` varchar(50) DEFAULT NULL
) ENGINE=InnoDB DEFAULT CHARSET=utf8mb4 COLLATE=utf8mb4_unicode_ci;

--
-- Dumping data untuk tabel `kendaraan`
--

INSERT INTO `kendaraan` (`id_kendaraan`, `tipe`, `jenis`, `plat_nomor`, `harga_perhari`, `gambar`, `status`) VALUES
(1, 'Scoopy', 'Motor', 'AA 4425 JT', 75000.00, 'Scoopy.jpg', 'tersedia'),
(2, 'Beat', 'Motor', 'AB 33 UV', 50000.00, 'Beatt.jpg', 'tersedia'),
(3, 'Vario', 'Motor', 'AA 7644 ZT', 100000.00, 'Vario.jpg', 'Tersedia'),
(4, 'Innova', 'Mobil', 'AB 7654 ZX', 500000.00, 'Inova.webp', 'Tersedia'),
(6, 'Pajero', 'Mobil', 'AB 8809 CT', 850000.00, 'Pajero.jpg', 'Tersedia'),
(8, 'Alphard', 'Mobil', 'AB 1956 QW', 950000.00, '1750668176_images.jpeg', 'disewa'),
(11, 'Xenia', 'Mobil', 'AB 6961 DC', 150.00, '1753796961_Xenia.jpg', 'tersedia');

-- --------------------------------------------------------

--
-- Struktur dari tabel `log_akses`
--

CREATE TABLE `log_akses` (
  `id_log` int(11) NOT NULL,
  `id_user` int(11) DEFAULT NULL,
  `waktu` datetime DEFAULT NULL
) ENGINE=InnoDB DEFAULT CHARSET=utf8mb4 COLLATE=utf8mb4_general_ci;

-- --------------------------------------------------------

--
-- Struktur dari tabel `migrations`
--

CREATE TABLE `migrations` (
  `id` int(10) UNSIGNED NOT NULL,
  `migration` varchar(255) NOT NULL,
  `batch` int(11) NOT NULL
) ENGINE=InnoDB DEFAULT CHARSET=utf8mb4 COLLATE=utf8mb4_unicode_ci;

--
-- Dumping data untuk tabel `migrations`
--

INSERT INTO `migrations` (`id`, `migration`, `batch`) VALUES
(1, '0001_01_01_000001_create_cache_table', 1),
(2, '0001_01_01_000002_create_jobs_table', 1),
(3, '2025_07_16_071431_create_user_table', 1),
(4, '2025_07_16_071432_create_admin_table', 1),
(5, '2025_07_16_071432_create_kendaraan_table', 1),
(6, '2025_07_16_071433_create_pemesanan_table', 1),
(7, '2025_07_16_071434_create_pembayaran_table', 1),
(8, 'create_users_table', 1);

-- --------------------------------------------------------

--
-- Struktur dari tabel `password_reset_tokens`
--

CREATE TABLE `password_reset_tokens` (
  `email` varchar(255) NOT NULL,
  `token` varchar(255) NOT NULL,
  `created_at` timestamp NULL DEFAULT NULL
) ENGINE=InnoDB DEFAULT CHARSET=utf8mb4 COLLATE=utf8mb4_unicode_ci;

-- --------------------------------------------------------

--
-- Struktur dari tabel `pembayaran`
--

CREATE TABLE `pembayaran` (
  `id_pembayaran` int(10) UNSIGNED NOT NULL,
  `id_pemesanan` int(10) UNSIGNED DEFAULT NULL,
  `tgl_bayar` date DEFAULT NULL,
  `jml_bayar` decimal(10,2) DEFAULT NULL,
  `metode` varchar(50) DEFAULT NULL,
  `status` varchar(50) DEFAULT NULL,
  `bukti_bayar` varchar(255) DEFAULT NULL
) ENGINE=InnoDB DEFAULT CHARSET=utf8mb4 COLLATE=utf8mb4_unicode_ci;

--
-- Dumping data untuk tabel `pembayaran`
--

INSERT INTO `pembayaran` (`id_pembayaran`, `id_pemesanan`, `tgl_bayar`, `jml_bayar`, `metode`, `status`, `bukti_bayar`) VALUES
(6, 17, '2025-06-19', 125000.00, 'Qris', 'lunas', 'bukti_1750323425.png'),
(7, 18, '2025-06-19', 125000.00, 'TF', 'lunas', 'bukti_tf.jpeg'),
(8, 20, '2025-06-19', 125000.00, 'TF', 'lunas', 'bukti_1750328128.jpeg'),
(9, 21, '2025-06-19', 750000.00, 'TF', 'lunas', 'bukti_1750343183.jpeg'),
(10, 22, '2025-06-20', 300000.00, 'Tunai', 'lunas', 'bukti_1750402667.jpeg'),
(11, 23, '2025-06-20', 900000.00, 'TF', 'lunas', 'bukti_1750430049.png'),
(12, 24, '2025-06-23', 300000.00, 'TF', 'lunas', 'bukti_1750663972.pdf'),
(13, 25, '2025-06-23', 250000.00, 'TF', 'lunas', 'bukti_1750666258.png'),
(14, 26, '2025-06-23', 150000.00, 'TF', 'lunas', 'bukti_1750667913.png'),
(15, 27, '2025-06-23', 1900000.00, 'TF', 'lunas', 'bukti_1750669183.jpeg'),
(16, 28, '2025-06-23', 150000.00, 'Tunai', 'lunas', NULL),
(17, 29, '2025-06-29', 850000.00, 'Tunai', 'lunas', NULL),
(18, 37, '2025-07-24', 150000.00, 'Tunai', 'lunas', 'tunai.png'),
(19, 38, '2025-07-24', 150000.00, 'Tunai', 'lunas', 'tunai.png'),
(20, 40, '2025-07-26', 200000.00, 'TF', 'lunas', '1753516343_Gambar WhatsApp 2025-07-26 pukul 14.52.04_83264862.jpg'),
(21, 41, '2025-07-28', 600000.00, 'Tunai', 'belum lunas', 'tunai.png');

-- --------------------------------------------------------

--
-- Struktur dari tabel `pemesanan`
--

CREATE TABLE `pemesanan` (
  `id_pemesanan` int(10) UNSIGNED NOT NULL,
  `id_user` int(10) UNSIGNED DEFAULT NULL,
  `id_kendaraan` int(10) UNSIGNED DEFAULT NULL,
  `tgl_mulai` date DEFAULT NULL,
  `tgl_selesai` date DEFAULT NULL,
  `total_harga` decimal(10,2) DEFAULT NULL,
  `status` varchar(50) NOT NULL DEFAULT 'diproses'
) ENGINE=InnoDB DEFAULT CHARSET=utf8mb4 COLLATE=utf8mb4_unicode_ci;

--
-- Dumping data untuk tabel `pemesanan`
--

INSERT INTO `pemesanan` (`id_pemesanan`, `id_user`, `id_kendaraan`, `tgl_mulai`, `tgl_selesai`, `total_harga`, `status`) VALUES
(6, 2, 1, '2025-06-22', '2025-06-24', 125000.00, 'selesai'),
(8, 1, 1, '2025-06-20', '2025-06-20', 75000.00, 'selesai'),
(9, 1, 1, '2025-06-21', '2025-06-28', 600000.00, 'selesai'),
(16, 1, 1, '2025-06-13', '2025-06-20', 600000.00, 'diproses'),
(17, 1, 1, '2025-06-19', '2025-06-19', 75000.00, 'selesai'),
(18, 1, 2, '2025-06-19', '2025-06-21', 150000.00, 'batal'),
(20, 2, 2, '2025-06-19', '2025-06-21', 150000.00, 'selesai'),
(21, 2, 1, '2025-06-19', '2025-06-28', 750000.00, 'selesai'),
(22, 2, 1, '2025-06-20', '2025-06-23', 300000.00, 'selesai'),
(23, 1, 3, '2025-06-20', '2025-06-28', 900000.00, 'diproses'),
(24, 2, 1, '2025-06-25', '2025-06-28', 300000.00, 'diproses'),
(25, 2, 2, '2025-06-23', '2025-06-27', 250000.00, 'diproses'),
(26, 5, 2, '2025-06-23', '2025-06-25', 150000.00, 'diproses'),
(27, 6, 8, '2025-06-23', '2025-06-24', 1900000.00, 'selesai'),
(28, 5, 1, '2025-06-23', '2025-06-24', 150000.00, 'diproses'),
(29, 2, 6, '2025-06-29', '2025-06-29', 850000.00, 'diproses'),
(30, 2, 1, '2025-07-16', '2025-07-17', 150000.00, 'diproses'),
(31, 2, 1, '2025-07-16', '2025-07-18', 225000.00, 'diproses'),
(32, 2, 2, '2025-07-16', '2025-07-18', 150000.00, 'diproses'),
(33, 2, 3, '2025-07-16', '2025-07-17', 200000.00, 'diproses'),
(34, 2, 3, '2025-07-18', '2025-07-19', 200000.00, 'diproses'),
(35, 2, 3, '2025-07-18', '2025-07-19', 200000.00, 'diproses'),
(36, 2, 2, '2025-07-18', '2025-07-19', 100000.00, 'diproses'),
(37, 2, 2, '2025-07-24', '2025-07-26', 150000.00, 'selesai'),
(38, 2, 2, '2025-07-24', '2025-07-26', 150000.00, 'diproses'),
(39, 2, 3, '2025-07-25', '2025-07-27', 300000.00, 'diproses'),
(40, 2, 3, '2025-07-26', '2025-07-27', 200000.00, 'diproses'),
(41, 2, 2, '2025-07-27', '2025-08-07', 600000.00, 'diproses'),
(42, 6, 8, '2018-09-13', '1999-05-15', 522323.00, 'batal'),
(43, 5, 6, '1976-03-13', '1999-10-24', 780774.00, 'batal'),
(44, 5, 2, '2006-01-12', '1991-02-03', 1239438.00, 'diproses'),
(45, 6, 6, '1980-08-04', '2008-12-31', 783600.00, 'selesai'),
(46, 5, 8, '2008-10-25', '1997-01-11', 1325622.00, 'diproses'),
(47, 6, 4, '1989-07-09', '1994-01-25', 1219371.00, 'selesai'),
(48, 2, 4, '1994-09-19', '1977-12-21', 769669.00, 'diproses'),
(50, 2, 6, '2020-02-04', '1998-08-20', 511571.00, 'batal'),
(51, NULL, 8, '1985-05-06', '1990-04-28', 1615786.00, 'selesai'),
(52, 5, 1, '2004-09-18', '2023-07-07', 567808.00, 'diproses'),
(53, 5, 2, '2017-07-25', '1979-12-05', 1802412.00, 'diproses'),
(55, 1, 8, '2009-12-01', '1970-12-16', 1949555.00, 'diproses'),
(56, 6, 1, '2002-09-20', '2015-12-07', 213286.00, 'diproses'),
(57, 6, 1, '1987-02-04', '2024-09-01', 763941.00, 'diproses'),
(58, 5, 1, '1987-08-11', '2014-01-14', 229135.00, 'diproses'),
(59, 5, 1, '1973-12-07', '1999-06-02', 1138941.00, 'batal'),
(60, 6, 6, '2011-04-11', '2018-10-11', 1552555.00, 'diproses'),
(61, 2, 1, '1974-04-06', '2023-06-11', 1691942.00, 'batal'),
(62, 5, 2, '1981-09-03', '2006-09-25', 716550.00, 'selesai'),
(63, 5, 6, '2005-12-12', '1989-10-13', 255303.00, 'batal'),
(64, NULL, 8, '2010-09-01', '2011-10-22', 1784969.00, 'batal'),
(65, 6, 4, '1970-12-19', '1974-11-10', 533372.00, 'selesai'),
(66, 1, 6, '2021-10-05', '1984-12-20', 1584897.00, 'selesai'),
(67, 2, 2, '1996-01-04', '1973-01-06', 1374084.00, 'diproses'),
(68, 5, 8, '1990-06-13', '1998-05-28', 1344401.00, 'batal'),
(69, 5, 6, '1971-08-08', '2019-05-22', 1617714.00, 'diproses'),
(70, 2, 6, '1976-03-25', '1971-01-29', 725111.00, 'batal'),
(71, 6, 8, '2016-03-26', '2001-09-05', 793421.00, 'batal'),
(72, 1, 4, '1972-09-02', '1970-09-16', 1607326.00, 'selesai'),
(73, 5, 3, '1995-08-18', '1987-11-27', 1013576.00, 'batal'),
(74, 1, 2, '2001-12-19', '1993-06-18', 1503879.00, 'diproses'),
(75, 2, 2, '2022-08-20', '1978-02-25', 1519198.00, 'selesai'),
(76, 1, 8, '2001-05-23', '1994-01-07', 484019.00, 'selesai'),
(77, 5, 6, '1996-06-09', '2002-06-03', 858651.00, 'diproses'),
(78, 1, 6, '1970-05-26', '2021-03-30', 1925809.00, 'selesai'),
(79, 5, 8, '1976-10-14', '2023-03-23', 1718796.00, 'selesai'),
(80, 6, 6, '1986-06-30', '2017-11-17', 1465652.00, 'selesai'),
(81, 5, 1, '1985-10-04', '1993-02-16', 1969353.00, 'batal'),
(82, 6, 6, '2014-09-20', '1989-09-13', 1572119.00, 'batal'),
(83, 5, 8, '1998-07-17', '2020-11-29', 350338.00, 'selesai'),
(84, 1, 6, '2003-06-10', '1997-10-24', 1152040.00, 'batal'),
(85, 6, 4, '2002-06-22', '1999-09-03', 1917840.00, 'batal'),
(86, 1, 1, '2024-04-12', '1973-07-09', 1444983.00, 'diproses'),
(87, 6, 4, '2009-01-14', '2004-03-31', 1177366.00, 'batal'),
(88, 2, 2, '1982-10-13', '2000-10-11', 993926.00, 'batal'),
(89, 5, 1, '2003-01-28', '2009-03-10', 402991.00, 'selesai'),
(90, 1, 3, '2010-06-11', '2020-06-18', 979271.00, 'batal'),
(91, NULL, 3, '2015-12-20', '1972-03-14', 663110.00, 'batal'),
(92, NULL, 2, '1997-01-02', '2004-06-28', 292104.00, 'selesai'),
(93, 5, 1, '1984-12-19', '2008-06-03', 1752848.00, 'selesai'),
(94, 5, 6, '1981-01-22', '1982-08-02', 427521.00, 'diproses'),
(95, 2, 1, '1990-11-12', '1977-05-24', 1865749.00, 'batal'),
(96, NULL, 3, '2022-01-17', '1971-03-31', 275747.00, 'diproses'),
(97, NULL, 6, '1980-02-18', '1979-08-21', 344979.00, 'batal'),
(98, 5, 6, '2013-08-12', '1997-11-09', 824862.00, 'diproses'),
(99, 2, 8, '1974-10-16', '2012-05-29', 209638.00, 'diproses'),
(100, 2, 1, '2021-11-14', '2009-01-27', 1688633.00, 'batal'),
(101, NULL, 8, '1985-08-21', '2022-11-13', 587412.00, 'batal'),
(102, 1, 8, '2011-06-20', '1998-03-18', 1625549.00, 'batal'),
(103, 5, 1, '2010-03-14', '2013-12-28', 691932.00, 'selesai'),
(104, NULL, 2, '2023-12-08', '2004-12-24', 1830361.00, 'diproses'),
(105, 6, 3, '1980-10-10', '2010-03-31', 1254324.00, 'selesai'),
(106, 5, 8, '1972-06-19', '2017-01-30', 1878093.00, 'selesai'),
(107, 2, 8, '1990-11-23', '1988-08-28', 1895685.00, 'diproses'),
(108, 5, 3, '1976-05-23', '1996-03-25', 304599.00, 'diproses'),
(109, 1, 6, '1996-06-07', '1983-04-14', 1256242.00, 'batal'),
(110, 6, 6, '2016-06-05', '1992-09-14', 157872.00, 'diproses'),
(111, 1, 3, '2019-08-11', '2010-06-05', 655982.00, 'selesai'),
(112, 5, 4, '2017-03-26', '1983-02-20', 1031066.00, 'batal'),
(113, NULL, 1, '1977-12-07', '2016-11-10', 321107.00, 'selesai'),
(114, 5, 4, '2003-04-16', '1995-01-05', 1879420.00, 'selesai'),
(115, NULL, 4, '1990-05-24', '1979-02-23', 940704.00, 'selesai'),
(116, 6, 1, '2020-02-20', '2006-03-04', 1421585.00, 'diproses'),
(117, 6, 1, '1984-06-26', '2009-02-14', 1908267.00, 'batal'),
(118, 2, 2, '2008-09-17', '2021-06-03', 1989891.00, 'diproses'),
(119, 1, 1, '1979-08-06', '1998-02-16', 1229587.00, 'batal'),
(120, 6, 8, '1996-09-21', '2024-12-25', 162168.00, 'selesai'),
(121, NULL, 8, '1972-06-25', '2007-06-26', 938259.00, 'selesai'),
(122, 1, 1, '2014-05-20', '1977-02-07', 1275315.00, 'batal'),
(123, 6, 3, '2006-12-20', '1983-09-05', 292067.00, 'batal'),
(124, 2, 1, '1999-12-12', '1991-12-17', 755458.00, 'batal'),
(125, NULL, 2, '1980-02-07', '2016-09-13', 1920819.00, 'diproses'),
(126, 5, 4, '1977-03-22', '2009-11-12', 1925379.00, 'batal'),
(127, NULL, 1, '2005-11-05', '2019-08-31', 369993.00, 'diproses'),
(128, 5, 6, '1983-09-10', '1979-01-28', 623223.00, 'selesai'),
(129, 6, 6, '1995-12-30', '2024-12-29', 1464121.00, 'diproses'),
(130, 1, 6, '1972-07-13', '2023-01-16', 839360.00, 'diproses'),
(131, 6, 8, '1987-04-19', '1977-09-20', 1090111.00, 'batal'),
(132, 6, 3, '2009-09-09', '1995-07-27', 746221.00, 'batal'),
(133, 6, 3, '2024-02-21', '2007-10-14', 1836307.00, 'selesai'),
(134, NULL, 8, '2008-09-24', '1992-12-06', 1923822.00, 'diproses'),
(135, 1, 8, '1971-08-26', '1981-11-28', 825029.00, 'diproses'),
(136, NULL, 6, '1993-04-17', '2010-10-10', 1785238.00, 'selesai'),
(137, 5, 3, '1994-01-25', '1971-07-12', 1529098.00, 'selesai'),
(138, 2, 6, '2021-01-13', '1972-09-21', 704820.00, 'selesai'),
(139, 1, 1, '2008-12-13', '1977-08-25', 1808768.00, 'diproses'),
(140, 6, 1, '2023-01-17', '2010-12-28', 115849.00, 'batal'),
(141, 6, 8, '2014-01-26', '1976-02-27', 1042392.00, 'selesai'),
(142, 2, 2, '2010-08-08', '1977-09-30', 1512031.00, 'diproses'),
(143, 6, 6, '1993-12-24', '1999-04-11', 1728886.00, 'diproses'),
(144, NULL, 1, '2007-05-03', '1999-11-03', 1851785.00, 'diproses'),
(145, 1, 3, '1999-01-31', '2007-03-31', 1046558.00, 'batal'),
(146, NULL, 1, '1992-01-31', '2020-05-18', 456013.00, 'selesai'),
(147, 6, 4, '1984-07-11', '1983-10-07', 423049.00, 'batal'),
(148, 5, 4, '1987-05-25', '2000-04-18', 1182301.00, 'batal'),
(149, 6, 6, '1975-05-30', '1993-02-19', 333190.00, 'selesai'),
(150, 6, 6, '1988-10-04', '1982-05-11', 321387.00, 'selesai'),
(151, 6, 2, '2013-05-31', '2008-11-18', 1086435.00, 'batal'),
(152, 6, 1, '2024-12-08', '2010-12-24', 1211337.00, 'batal'),
(153, 2, 4, '1970-11-28', '1983-07-21', 1636039.00, 'selesai'),
(154, 2, 4, '1994-06-04', '2016-06-13', 1686544.00, 'diproses'),
(155, 5, 4, '2021-11-21', '2021-02-03', 410238.00, 'batal'),
(156, 6, 3, '1989-11-24', '2013-01-19', 493095.00, 'diproses'),
(157, NULL, 1, '1995-04-28', '1975-10-07', 508112.00, 'batal'),
(158, 5, 1, '1995-12-15', '1993-03-19', 1463614.00, 'diproses'),
(159, 5, 8, '1991-12-19', '2014-06-04', 1221986.00, 'selesai'),
(160, 1, 1, '2012-06-26', '1983-10-10', 189178.00, 'batal'),
(161, 5, 2, '2001-04-08', '1977-12-10', 1104627.00, 'diproses'),
(162, 1, 4, '1972-05-15', '2022-05-24', 273976.00, 'batal'),
(163, 5, 2, '1985-03-08', '2011-06-28', 1070293.00, 'batal'),
(164, NULL, 4, '2023-08-08', '2015-04-18', 415853.00, 'diproses'),
(165, 6, 3, '1995-10-05', '1982-12-07', 604405.00, 'batal'),
(166, 6, 2, '2000-12-26', '1975-09-22', 763939.00, 'batal'),
(167, 6, 8, '1994-05-24', '1982-10-10', 795827.00, 'batal'),
(168, 2, 6, '1973-07-19', '2001-01-05', 1871012.00, 'diproses'),
(169, NULL, 6, '2016-07-19', '1995-10-03', 1383641.00, 'selesai'),
(170, 1, 6, '2019-11-18', '1977-04-09', 1501884.00, 'diproses'),
(171, 6, 3, '1989-12-09', '1990-11-03', 329696.00, 'selesai'),
(172, 1, 6, '1996-05-30', '2022-02-03', 1822449.00, 'diproses'),
(173, 6, 1, '2013-06-13', '1993-04-23', 1502645.00, 'selesai'),
(174, NULL, 1, '2022-09-17', '2022-09-25', 1491884.00, 'batal'),
(175, 2, 6, '2017-12-30', '1989-06-19', 1676775.00, 'selesai'),
(176, NULL, 6, '1975-12-29', '2022-09-25', 156316.00, 'selesai'),
(177, 5, 4, '1980-09-11', '2012-10-16', 1016786.00, 'diproses'),
(178, 2, 1, '1976-06-29', '1971-08-07', 1039746.00, 'selesai'),
(179, 5, 2, '2021-08-08', '1988-10-09', 231383.00, 'batal'),
(180, 5, 3, '1984-10-15', '1996-01-01', 1812923.00, 'batal'),
(181, NULL, 3, '2002-01-30', '1984-06-08', 1637491.00, 'selesai'),
(182, 1, 4, '1980-11-02', '2019-09-04', 1636309.00, 'batal'),
(183, 5, 8, '2024-09-08', '1993-12-19', 539065.00, 'batal'),
(184, 2, 1, '2008-05-01', '1984-10-25', 1110874.00, 'selesai'),
(185, 6, 6, '1970-01-24', '2005-02-24', 753889.00, 'diproses'),
(186, 6, 3, '1982-07-23', '1977-12-23', 632060.00, 'selesai'),
(187, NULL, 3, '1991-07-27', '2020-01-31', 1130537.00, 'selesai'),
(188, 5, 3, '2007-10-03', '2014-11-12', 577318.00, 'diproses'),
(189, 1, 3, '1992-07-15', '1993-12-10', 1199948.00, 'diproses'),
(190, 1, 4, '2004-01-18', '1997-10-26', 269640.00, 'diproses'),
(191, 5, 2, '1983-03-01', '2024-02-06', 1001415.00, 'batal'),
(192, NULL, 8, '1985-12-28', '1989-08-18', 1130882.00, 'batal'),
(193, 1, 3, '2002-03-19', '1972-02-17', 1840916.00, 'diproses'),
(194, 1, 2, '1984-05-05', '1983-07-05', 1611290.00, 'batal'),
(195, 2, 6, '2016-05-19', '1976-02-02', 1415368.00, 'selesai'),
(196, 1, 2, '1975-11-05', '2021-05-20', 316485.00, 'diproses'),
(197, NULL, 3, '2013-06-17', '2011-12-23', 759375.00, 'diproses'),
(198, 1, 1, '1980-03-28', '1979-12-13', 1991352.00, 'batal'),
(199, NULL, 3, '1973-09-15', '1998-07-21', 1113348.00, 'diproses'),
(200, 2, 6, '1991-07-23', '1990-04-09', 475016.00, 'batal'),
(201, 2, 3, '1991-01-30', '2000-12-09', 1569542.00, 'batal'),
(202, 5, 2, '2002-12-16', '1985-06-27', 1968861.00, 'batal'),
(203, 2, 1, '2006-08-18', '1994-02-26', 826438.00, 'batal'),
(204, 6, 2, '1982-11-30', '1981-08-14', 1144540.00, 'batal'),
(205, 5, 3, '2012-10-22', '1990-11-10', 1805502.00, 'selesai'),
(206, 5, 4, '2001-07-10', '2022-01-28', 695867.00, 'diproses'),
(207, 1, 2, '1996-09-04', '1981-11-19', 1541048.00, 'diproses'),
(208, 6, 6, '1991-06-22', '1984-03-14', 1536431.00, 'batal'),
(209, 5, 3, '2011-09-26', '1990-02-18', 1770002.00, 'diproses'),
(210, 5, 2, '1985-04-06', '2013-10-22', 1028948.00, 'diproses'),
(211, 2, 6, '1989-07-14', '2007-04-12', 923111.00, 'selesai'),
(212, 6, 8, '1988-03-22', '2022-04-03', 1153540.00, 'batal'),
(213, 5, 3, '2017-06-19', '1976-05-25', 871836.00, 'diproses'),
(214, 5, 3, '2002-08-01', '2022-01-12', 1663931.00, 'selesai'),
(215, 1, 2, '1980-02-20', '1985-01-04', 1153414.00, 'batal'),
(216, 1, 4, '1971-01-30', '1987-10-24', 1904899.00, 'selesai'),
(217, NULL, 1, '2002-06-15', '2013-10-23', 1948809.00, 'selesai'),
(218, 6, 6, '1978-04-01', '1987-08-27', 1368214.00, 'selesai'),
(219, 6, 6, '2004-11-21', '2016-05-24', 1160092.00, 'selesai'),
(220, 6, 1, '1970-07-10', '2010-03-06', 1718530.00, 'selesai'),
(221, 2, 3, '1989-03-21', '2021-07-01', 1143421.00, 'diproses'),
(222, NULL, 8, '1983-12-21', '2008-02-24', 803638.00, 'diproses'),
(223, 1, 4, '2025-05-04', '1975-12-07', 140645.00, 'selesai'),
(224, 1, 2, '1994-09-11', '1988-09-25', 933583.00, 'batal'),
(225, NULL, 4, '1998-09-24', '1994-09-27', 1916552.00, 'batal'),
(226, NULL, 4, '1997-03-14', '2022-08-04', 1629588.00, 'selesai'),
(227, 6, 1, '2021-12-14', '2006-09-19', 997284.00, 'batal'),
(228, 2, 1, '1973-05-15', '2010-06-05', 452734.00, 'batal'),
(229, 1, 4, '1984-12-02', '1977-04-17', 1968586.00, 'diproses'),
(230, 5, 8, '1987-06-28', '2021-06-08', 573300.00, 'selesai'),
(231, 1, 4, '1982-08-25', '1985-08-27', 1235504.00, 'diproses'),
(232, 6, 8, '1984-02-19', '1984-12-22', 814415.00, 'diproses'),
(233, 5, 6, '2018-08-06', '2020-11-28', 1388171.00, 'batal'),
(234, 2, 6, '1971-08-29', '1971-04-08', 1978686.00, 'diproses'),
(235, 5, 3, '2000-09-11', '2011-12-27', 1454075.00, 'batal'),
(236, 2, 4, '2005-08-29', '2017-11-19', 1732404.00, 'selesai'),
(237, 6, 6, '2003-02-22', '1995-02-08', 1616153.00, 'selesai'),
(238, 2, 8, '1971-08-01', '2007-07-25', 586599.00, 'selesai'),
(239, 1, 2, '1970-06-03', '1998-03-17', 519268.00, 'selesai'),
(240, 2, 6, '2000-09-16', '1970-09-10', 499942.00, 'batal'),
(241, 1, 3, '2016-05-18', '1993-08-16', 1059040.00, 'diproses'),
(242, 5, 1, '1995-01-13', '1997-06-26', 1569607.00, 'batal'),
(243, NULL, 6, '1990-08-31', '2010-08-02', 301421.00, 'batal'),
(244, 2, 8, '2002-10-11', '1999-09-07', 466399.00, 'batal'),
(245, 6, 2, '1991-11-28', '1972-09-28', 683790.00, 'selesai'),
(246, 2, 1, '2023-02-09', '1992-11-18', 1888684.00, 'selesai'),
(247, 6, 1, '2021-03-08', '2000-12-02', 923790.00, 'diproses'),
(248, 1, 3, '2009-08-18', '2002-12-29', 1063499.00, 'diproses'),
(249, 5, 4, '1993-12-13', '2005-08-10', 412449.00, 'diproses'),
(250, 2, 3, '1994-11-14', '2006-10-07', 1318473.00, 'batal'),
(251, 5, 2, '1999-03-19', '2016-07-05', 535372.00, 'diproses'),
(252, 1, 6, '2021-05-05', '1990-09-26', 305486.00, 'batal'),
(253, NULL, 1, '1998-11-13', '1973-07-05', 1908635.00, 'batal'),
(254, 5, 8, '1994-06-14', '1992-05-15', 1730715.00, 'diproses'),
(255, NULL, 3, '1976-02-18', '1985-02-17', 203656.00, 'diproses'),
(256, 6, 6, '1971-02-21', '1994-01-14', 1368594.00, 'selesai'),
(257, 1, 6, '2002-05-23', '2003-03-27', 1846935.00, 'selesai'),
(258, 2, 6, '1998-05-08', '1988-02-17', 1842157.00, 'batal'),
(259, 2, 8, '1981-12-05', '2002-07-05', 136986.00, 'selesai'),
(260, 1, 2, '2009-10-07', '1996-04-14', 1126115.00, 'diproses'),
(261, 5, 1, '1992-07-23', '1971-08-23', 1302219.00, 'batal'),
(262, 6, 6, '1984-12-17', '2012-03-13', 314704.00, 'diproses'),
(263, 1, 8, '1986-12-05', '2010-12-24', 949548.00, 'batal'),
(264, 1, 1, '2019-06-03', '2022-02-11', 384398.00, 'selesai'),
(265, 5, 3, '2015-01-16', '2020-08-02', 859611.00, 'diproses'),
(266, 1, 6, '1970-06-20', '2008-12-11', 1739142.00, 'diproses'),
(267, 1, 8, '1994-11-08', '1981-10-01', 618783.00, 'selesai'),
(268, 2, 3, '2023-04-23', '1995-01-28', 1803372.00, 'diproses'),
(269, 5, 3, '1977-02-11', '1986-02-01', 689181.00, 'diproses'),
(270, NULL, 8, '1984-10-28', '1994-09-20', 1869332.00, 'selesai'),
(271, 1, 6, '1990-05-03', '2016-05-03', 1871569.00, 'selesai'),
(272, 5, 3, '1980-04-18', '1970-03-09', 1709891.00, 'selesai'),
(273, 5, 2, '1988-08-11', '2019-08-27', 1275669.00, 'batal'),
(274, 2, 2, '1998-11-05', '1990-08-23', 1724461.00, 'diproses'),
(275, NULL, 8, '1991-02-05', '2011-08-06', 125654.00, 'selesai'),
(276, 2, 2, '1975-08-29', '2001-01-12', 1906983.00, 'batal'),
(277, 2, 4, '1980-07-28', '1990-05-13', 729727.00, 'batal'),
(278, 1, 8, '2023-06-16', '2002-01-19', 1650414.00, 'selesai'),
(279, 2, 6, '1990-11-09', '1984-01-04', 1726662.00, 'selesai'),
(280, 2, 1, '2009-07-27', '2008-11-24', 941838.00, 'selesai'),
(281, 6, 2, '2018-08-23', '1984-11-20', 1390205.00, 'selesai'),
(282, NULL, 1, '1992-07-31', '1996-07-27', 1674885.00, 'batal'),
(283, NULL, 3, '2014-07-28', '1993-01-01', 639100.00, 'batal'),
(284, 2, 6, '2006-06-10', '1985-05-31', 777766.00, 'batal'),
(285, 2, 8, '2003-07-24', '2024-04-30', 237411.00, 'diproses'),
(286, 5, 3, '2018-08-02', '2008-05-21', 1707968.00, 'selesai'),
(287, 1, 1, '1984-12-22', '1995-12-28', 153546.00, 'batal'),
(288, 2, 8, '1976-05-27', '2004-03-24', 1975461.00, 'selesai'),
(289, 2, 3, '2017-10-29', '2008-06-12', 1144318.00, 'diproses'),
(290, 2, 2, '2010-12-30', '1977-10-06', 262628.00, 'batal'),
(291, 1, 3, '2004-11-08', '1985-05-25', 1234400.00, 'diproses'),
(292, NULL, 2, '2011-08-07', '2007-02-02', 997318.00, 'batal'),
(293, 2, 3, '1976-05-05', '1981-05-22', 338866.00, 'diproses'),
(294, 6, 4, '1973-04-09', '2016-03-24', 1918543.00, 'batal'),
(295, 1, 8, '1973-07-23', '1977-05-07', 1915954.00, 'batal'),
(296, 1, 3, '1996-11-08', '1993-02-27', 1968286.00, 'diproses'),
(297, 5, 1, '2016-07-31', '2015-10-01', 1853508.00, 'diproses'),
(298, 1, 6, '1981-06-13', '1990-08-31', 557708.00, 'diproses'),
(299, 2, 6, '1997-05-15', '2012-10-18', 1817524.00, 'selesai'),
(300, 2, 4, '1993-02-26', '2022-01-13', 1666486.00, 'selesai'),
(301, NULL, 1, '1994-03-06', '2002-10-08', 1414978.00, 'batal'),
(302, 5, 8, '2005-04-24', '2022-01-08', 706780.00, 'selesai'),
(303, 1, 1, '2021-04-03', '1992-12-04', 1717478.00, 'batal'),
(304, NULL, 3, '1985-10-31', '2023-05-30', 1527002.00, 'batal'),
(305, 5, 4, '1994-02-28', '1999-07-29', 829111.00, 'diproses'),
(306, 2, 1, '1995-12-11', '2001-09-03', 1302660.00, 'batal'),
(307, 2, 3, '2012-02-07', '1982-02-06', 774306.00, 'batal'),
(308, 5, 3, '2014-05-12', '2020-04-18', 1565657.00, 'diproses'),
(309, 1, 2, '1986-04-14', '1998-03-12', 1970133.00, 'batal'),
(310, NULL, 6, '1977-03-23', '1977-04-13', 1184593.00, 'diproses'),
(311, 2, 3, '1977-09-20', '1994-11-11', 674391.00, 'diproses'),
(312, 2, 8, '1999-02-22', '1990-11-07', 1406406.00, 'selesai'),
(313, NULL, 2, '2000-11-06', '1987-05-21', 757051.00, 'selesai'),
(314, 1, 2, '1976-11-23', '1996-11-02', 842307.00, 'diproses'),
(315, NULL, 4, '2010-10-21', '1972-10-17', 513368.00, 'selesai'),
(316, NULL, 6, '2012-11-17', '1992-04-28', 324332.00, 'batal'),
(317, 2, 1, '1998-07-17', '2013-03-05', 813865.00, 'selesai'),
(318, 5, 2, '1973-07-27', '2020-10-12', 485366.00, 'batal'),
(319, NULL, 4, '1988-11-02', '1992-07-10', 1465180.00, 'selesai'),
(320, 2, 1, '2002-03-15', '1984-03-07', 1487805.00, 'batal'),
(321, 6, 1, '2015-07-12', '1997-11-14', 1219685.00, 'batal'),
(322, 1, 6, '1989-06-11', '1998-03-30', 1544638.00, 'selesai'),
(323, 2, 4, '2000-09-27', '2002-05-31', 757692.00, 'selesai'),
(324, 2, 3, '1978-07-13', '2019-03-07', 356109.00, 'selesai'),
(325, 2, 2, '2018-03-19', '2019-11-10', 1977470.00, 'selesai'),
(326, 6, 2, '1987-12-26', '2003-02-27', 1781510.00, 'batal'),
(327, 5, 6, '1971-03-15', '1973-01-19', 607190.00, 'selesai'),
(328, 5, 3, '2021-10-30', '2001-02-12', 1824934.00, 'batal'),
(329, 5, 1, '1979-07-08', '2015-01-15', 935207.00, 'batal'),
(330, 5, 2, '2004-05-12', '1992-03-17', 460518.00, 'selesai'),
(331, 6, 6, '2012-10-19', '1997-07-11', 995941.00, 'diproses'),
(332, 2, 8, '2016-02-05', '2017-10-04', 174236.00, 'batal'),
(333, 6, 6, '1988-08-08', '1981-07-09', 1601121.00, 'selesai'),
(334, 1, 3, '1987-10-01', '1976-03-12', 1040907.00, 'selesai'),
(335, 5, 3, '1997-02-05', '1972-05-14', 604217.00, 'diproses'),
(336, 1, 2, '2022-02-25', '2023-09-05', 1608775.00, 'diproses'),
(337, 1, 1, '1983-12-27', '1986-10-22', 353363.00, 'diproses'),
(338, 6, 3, '1983-12-04', '2021-04-11', 1642990.00, 'selesai'),
(339, 2, 1, '1990-10-13', '1975-11-01', 783981.00, 'diproses'),
(340, 1, 2, '1973-12-15', '1997-03-07', 1423302.00, 'selesai'),
(341, NULL, 8, '2002-03-04', '2018-11-10', 1222289.00, 'selesai'),
(342, 5, 4, '1991-11-06', '2023-08-13', 249909.00, 'selesai'),
(343, 6, 1, '2010-08-16', '1980-09-01', 1689705.00, 'batal'),
(344, 5, 2, '1978-09-09', '1981-10-08', 1807852.00, 'batal'),
(345, NULL, 3, '1993-08-05', '1987-08-21', 393279.00, 'diproses'),
(346, 1, 4, '1989-08-31', '2007-09-02', 1025439.00, 'batal'),
(347, 2, 6, '1995-11-03', '1978-08-18', 1763222.00, 'batal'),
(348, 1, 1, '1970-12-30', '1999-09-02', 1199035.00, 'batal'),
(349, 6, 8, '1995-09-01', '2000-02-06', 1263944.00, 'selesai'),
(350, 2, 3, '1996-08-24', '1973-03-26', 485612.00, 'batal'),
(351, 6, 3, '1990-02-09', '2002-10-21', 545544.00, 'selesai'),
(352, 2, 2, '2004-10-25', '2013-09-23', 1177526.00, 'selesai'),
(353, NULL, 4, '1978-04-03', '1998-07-06', 198744.00, 'batal'),
(354, NULL, 6, '2025-05-04', '1989-11-14', 1435850.00, 'diproses'),
(355, 1, 2, '2013-02-07', '2003-02-03', 560974.00, 'batal'),
(356, 1, 1, '2008-03-09', '1994-05-04', 1335256.00, 'diproses'),
(357, NULL, 8, '1984-11-08', '1974-06-16', 1756092.00, 'selesai'),
(358, 1, 8, '1976-12-03', '2018-11-01', 1726966.00, 'diproses'),
(359, 6, 3, '2010-05-09', '1990-04-18', 1069020.00, 'batal'),
(360, 2, 2, '1978-08-09', '2022-03-21', 742667.00, 'batal'),
(361, NULL, 6, '1994-02-11', '1994-08-31', 323862.00, 'diproses'),
(362, 6, 2, '1971-03-06', '2023-11-23', 406794.00, 'batal'),
(363, 6, 8, '1979-03-10', '1987-05-06', 308982.00, 'diproses'),
(364, NULL, 8, '2004-07-09', '2003-05-28', 229900.00, 'selesai'),
(365, 5, 1, '1988-12-12', '1990-09-27', 1528330.00, 'batal'),
(366, 5, 8, '2002-08-07', '2024-04-19', 1263052.00, 'batal'),
(367, 6, 2, '2021-03-03', '2005-08-05', 1577672.00, 'selesai'),
(368, NULL, 6, '1988-09-19', '1988-01-25', 903753.00, 'diproses'),
(369, 5, 4, '1988-06-28', '2012-09-08', 178551.00, 'selesai'),
(370, 6, 2, '2007-11-25', '1987-06-18', 662524.00, 'batal'),
(371, 6, 6, '1993-06-05', '1975-05-31', 1783461.00, 'selesai'),
(372, NULL, 4, '1982-04-25', '1975-08-22', 920412.00, 'diproses'),
(373, 1, 8, '2013-02-26', '1993-11-18', 266755.00, 'selesai'),
(374, 1, 2, '2016-01-11', '2013-06-11', 680610.00, 'selesai'),
(375, 2, 2, '2019-04-30', '1971-03-28', 1930252.00, 'selesai'),
(376, 6, 1, '2018-04-07', '1989-05-20', 264301.00, 'diproses'),
(377, 6, 2, '2003-07-03', '2014-10-19', 500795.00, 'batal'),
(378, 5, 3, '1999-09-10', '1992-01-27', 1154735.00, 'selesai'),
(379, 2, 8, '1973-09-06', '1989-02-08', 1208960.00, 'selesai'),
(380, 1, 2, '1977-08-22', '2004-12-13', 837124.00, 'selesai'),
(381, 2, 4, '2002-09-17', '1993-02-13', 1099514.00, 'diproses'),
(382, 2, 3, '1983-09-22', '2020-03-21', 523556.00, 'batal'),
(383, 5, 8, '2008-02-13', '2010-12-13', 136060.00, 'diproses'),
(384, 1, 3, '2008-12-12', '1983-12-22', 585660.00, 'diproses'),
(385, 5, 3, '2013-08-03', '2021-10-15', 1846330.00, 'batal'),
(386, 2, 3, '2017-03-05', '2022-07-15', 871346.00, 'selesai'),
(387, 2, 4, '2009-09-11', '2022-11-27', 1808534.00, 'batal'),
(388, 6, 2, '1992-06-29', '2000-03-31', 810880.00, 'diproses'),
(389, 5, 6, '1989-01-31', '1982-01-22', 357545.00, 'diproses'),
(390, 2, 1, '1984-02-28', '2025-04-16', 136382.00, 'selesai'),
(391, 1, 1, '1972-09-03', '1987-07-27', 940959.00, 'diproses'),
(392, 1, 1, '2004-04-17', '2013-11-12', 745293.00, 'diproses'),
(393, 1, 6, '2014-03-22', '1987-10-04', 615887.00, 'diproses'),
(394, 6, 4, '2005-08-24', '1981-06-16', 284015.00, 'batal'),
(395, 2, 1, '1984-05-02', '1996-08-13', 455279.00, 'selesai'),
(396, 2, 6, '1977-08-18', '1994-04-17', 1362956.00, 'diproses'),
(397, 2, 3, '2010-09-18', '2002-11-12', 1155632.00, 'batal'),
(398, NULL, 2, '2020-04-06', '2015-04-27', 870484.00, 'diproses'),
(399, 5, 6, '1999-12-26', '1999-03-27', 1628490.00, 'selesai'),
(400, 1, 8, '1987-05-24', '2008-07-13', 1975650.00, 'selesai'),
(401, NULL, 2, '2013-12-27', '2006-01-01', 1374937.00, 'diproses'),
(402, 2, 6, '2024-03-25', '2024-01-24', 377972.00, 'diproses'),
(403, 2, 4, '2009-06-29', '2014-08-20', 596318.00, 'diproses'),
(404, 5, 8, '2019-01-23', '2014-06-22', 1221164.00, 'batal'),
(405, 5, 4, '1990-08-18', '1972-03-29', 1594059.00, 'batal'),
(406, 6, 2, '1988-05-18', '1988-11-16', 1836622.00, 'selesai'),
(407, 2, 3, '2005-08-19', '1978-03-10', 1721987.00, 'selesai'),
(408, 1, 2, '2017-12-30', '2025-01-11', 873895.00, 'diproses'),
(409, 2, 6, '2016-04-16', '2000-07-16', 1561110.00, 'diproses'),
(410, 5, 1, '1982-09-17', '1973-05-25', 1027007.00, 'batal'),
(411, 5, 8, '2022-11-19', '1998-11-30', 709005.00, 'diproses'),
(412, NULL, 1, '1974-12-08', '2004-12-07', 1169582.00, 'selesai'),
(413, 6, 8, '2020-03-06', '1994-08-04', 111365.00, 'selesai'),
(414, NULL, 1, '1999-02-26', '2019-02-12', 1339405.00, 'selesai'),
(415, 1, 4, '2010-11-19', '2018-09-12', 715879.00, 'diproses'),
(416, 5, 8, '2014-07-09', '1975-02-24', 1548131.00, 'diproses'),
(417, 2, 4, '1990-07-05', '1973-02-06', 798050.00, 'selesai'),
(418, 6, 2, '2003-02-25', '2025-02-07', 166123.00, 'batal'),
(419, 1, 2, '1993-12-31', '1995-03-22', 1469104.00, 'batal'),
(420, 6, 8, '1977-11-26', '1980-12-16', 1392511.00, 'selesai'),
(421, NULL, 6, '2010-06-26', '2008-01-21', 387772.00, 'batal'),
(422, 5, 3, '1991-08-24', '1970-10-15', 960802.00, 'selesai'),
(423, 6, 4, '1981-03-22', '1986-12-06', 1238039.00, 'selesai'),
(424, 5, 1, '2023-06-07', '1970-12-18', 1966286.00, 'selesai'),
(425, 6, 1, '1994-01-17', '1977-01-04', 1354007.00, 'batal'),
(426, NULL, 8, '1987-11-12', '1991-05-13', 1722702.00, 'batal'),
(427, 2, 4, '1987-08-13', '1973-10-14', 1542146.00, 'selesai'),
(428, NULL, 2, '2016-01-08', '2012-11-05', 1152884.00, 'selesai'),
(429, 6, 3, '1994-08-07', '1976-02-21', 1176567.00, 'diproses'),
(430, 1, 8, '1976-08-19', '1971-09-18', 1708591.00, 'selesai'),
(431, 5, 4, '1981-11-26', '2011-06-01', 514659.00, 'selesai'),
(432, NULL, 2, '2004-05-20', '2010-03-28', 1125660.00, 'batal'),
(433, 1, 6, '2016-07-05', '2013-04-06', 1795522.00, 'batal'),
(434, NULL, 1, '2011-03-02', '1991-08-25', 1830019.00, 'batal'),
(435, 5, 8, '2004-12-27', '1979-09-21', 448417.00, 'batal'),
(436, 5, 6, '2014-05-02', '1976-12-03', 1012098.00, 'batal'),
(437, 6, 3, '1993-07-09', '2001-11-07', 900063.00, 'selesai'),
(438, NULL, 3, '1989-11-19', '1972-07-17', 370480.00, 'batal'),
(439, NULL, 1, '1996-10-04', '1996-03-20', 1679139.00, 'batal'),
(440, 5, 8, '1978-07-25', '1976-09-19', 1532011.00, 'batal'),
(441, NULL, 6, '1994-03-04', '2022-04-20', 1169428.00, 'diproses'),
(442, 5, 3, '1994-07-25', '1972-08-15', 1592744.00, 'batal'),
(443, 6, 6, '2010-08-21', '1987-10-05', 359158.00, 'diproses'),
(444, 1, 6, '2006-01-15', '2007-07-20', 612485.00, 'selesai'),
(445, NULL, 8, '1992-01-03', '1976-04-30', 1676225.00, 'selesai'),
(446, 1, 3, '1979-09-08', '1983-09-21', 1707949.00, 'diproses'),
(447, 2, 4, '1973-07-09', '2006-12-03', 251207.00, 'diproses'),
(448, 1, 2, '2023-11-19', '1971-03-04', 238774.00, 'diproses'),
(449, 2, 4, '1979-07-23', '2010-05-14', 1125548.00, 'batal'),
(450, 2, 2, '2000-01-13', '1994-07-15', 719946.00, 'selesai'),
(451, 1, 8, '2022-12-06', '2017-07-10', 1123978.00, 'batal'),
(452, 1, 8, '1972-10-12', '2025-03-28', 652163.00, 'selesai'),
(453, 6, 8, '2020-07-19', '1982-10-27', 845289.00, 'selesai'),
(454, 1, 2, '2014-01-07', '1983-02-28', 1783951.00, 'selesai'),
(455, NULL, 1, '2013-11-20', '2005-10-01', 1181397.00, 'batal'),
(456, 5, 6, '1980-05-29', '1983-08-21', 149529.00, 'selesai'),
(457, NULL, 3, '1983-01-14', '2019-02-24', 602662.00, 'diproses'),
(458, NULL, 2, '1984-01-12', '2023-02-10', 1191715.00, 'selesai'),
(459, 6, 4, '1999-02-02', '1984-05-31', 1083163.00, 'diproses'),
(460, 1, 3, '2008-09-14', '1994-08-29', 663645.00, 'diproses'),
(461, NULL, 4, '1982-01-22', '2012-07-10', 655041.00, 'batal'),
(462, 2, 8, '1999-06-21', '1972-11-30', 1605504.00, 'selesai'),
(463, 2, 4, '1971-05-20', '2005-09-20', 1680600.00, 'selesai'),
(464, NULL, 1, '1998-05-18', '1971-11-03', 834379.00, 'selesai'),
(465, NULL, 3, '2009-05-29', '2003-08-31', 483039.00, 'selesai'),
(466, 1, 8, '1980-10-18', '2008-05-28', 1731783.00, 'selesai'),
(467, 5, 6, '1972-10-28', '2022-12-13', 1728261.00, 'batal'),
(468, 2, 1, '2016-07-29', '1988-09-01', 110404.00, 'selesai'),
(469, 2, 3, '1977-03-22', '2018-01-08', 1633596.00, 'diproses'),
(470, 6, 3, '2009-11-11', '2000-11-07', 1224722.00, 'batal'),
(471, 1, 1, '2003-05-27', '1997-05-11', 1755287.00, 'batal'),
(472, 1, 6, '2015-08-14', '1975-06-09', 106189.00, 'selesai'),
(473, 1, 8, '2018-10-13', '1970-06-08', 338961.00, 'selesai'),
(474, 1, 8, '1977-03-11', '1990-05-30', 103558.00, 'batal'),
(475, 1, 3, '2001-12-12', '1988-01-03', 1873823.00, 'selesai'),
(476, 2, 1, '1985-12-23', '1991-11-25', 260182.00, 'diproses'),
(477, 6, 6, '1980-01-02', '2022-06-29', 1313262.00, 'batal'),
(478, NULL, 2, '1975-01-29', '2008-02-04', 1519723.00, 'selesai'),
(479, NULL, 1, '1987-05-27', '1997-12-13', 370333.00, 'batal'),
(480, 2, 1, '2008-04-02', '2001-01-06', 1437991.00, 'selesai'),
(481, 2, 4, '1974-08-14', '2020-02-12', 726877.00, 'diproses'),
(482, 5, 2, '2019-03-10', '1979-08-22', 610486.00, 'diproses'),
(483, NULL, 6, '1988-07-23', '2020-01-31', 1289862.00, 'diproses'),
(484, NULL, 6, '1986-02-18', '2011-05-26', 508728.00, 'selesai'),
(485, 5, 2, '1972-11-21', '1996-08-11', 308179.00, 'diproses'),
(486, 1, 2, '1991-10-03', '1994-05-12', 1281531.00, 'batal'),
(487, 1, 8, '2023-06-17', '2000-09-21', 1880754.00, 'selesai'),
(488, 6, 4, '2013-12-05', '2005-03-24', 1215902.00, 'batal'),
(489, NULL, 3, '1997-06-11', '1985-04-27', 1879967.00, 'diproses'),
(490, 5, 2, '1994-09-20', '1973-05-25', 1876357.00, 'selesai'),
(491, 6, 1, '2015-01-17', '1973-05-26', 195362.00, 'selesai'),
(492, 6, 4, '1987-08-21', '1976-09-16', 770446.00, 'selesai'),
(493, NULL, 1, '1973-11-23', '2022-03-13', 1934364.00, 'batal'),
(494, 1, 8, '1972-08-30', '2006-07-31', 1886102.00, 'selesai'),
(495, NULL, 3, '2022-01-17', '1982-04-18', 1092997.00, 'diproses'),
(496, 5, 3, '1976-09-08', '2001-03-26', 555170.00, 'diproses'),
(497, 5, 4, '1999-07-22', '2017-08-14', 240928.00, 'diproses'),
(498, 5, 6, '1999-12-28', '1980-12-05', 1928700.00, 'selesai'),
(499, 1, 2, '2013-12-19', '1983-10-01', 1716240.00, 'diproses'),
(500, 1, 8, '1990-08-08', '2004-10-02', 416959.00, 'selesai'),
(501, NULL, 4, '1971-07-12', '1992-09-29', 1656567.00, 'selesai'),
(502, 1, 1, '2008-06-05', '1977-08-05', 232801.00, 'selesai'),
(503, 1, 4, '1993-10-19', '2002-11-16', 178087.00, 'selesai'),
(504, 5, 4, '2006-12-07', '1972-09-27', 701510.00, 'batal'),
(505, 5, 4, '1970-12-30', '2015-01-23', 512520.00, 'batal'),
(506, 5, 8, '2002-08-10', '2012-03-30', 582194.00, 'batal'),
(507, 2, 4, '1986-09-14', '1971-07-05', 699672.00, 'diproses'),
(508, 5, 6, '1994-11-09', '1985-02-24', 697380.00, 'selesai'),
(509, 5, 4, '2012-01-28', '1998-03-30', 848704.00, 'diproses'),
(510, 5, 6, '1975-09-14', '2004-02-11', 336043.00, 'selesai'),
(511, 5, 8, '1981-12-10', '2022-01-25', 250968.00, 'diproses'),
(512, 2, 1, '1974-06-01', '1983-06-15', 704201.00, 'diproses'),
(513, 6, 3, '1990-05-02', '1989-04-12', 931552.00, 'batal'),
(514, 6, 6, '2009-12-01', '2004-12-10', 607015.00, 'selesai'),
(515, 2, 1, '1983-02-04', '1989-10-31', 1853244.00, 'diproses'),
(516, 6, 4, '2000-08-04', '1985-07-13', 1658311.00, 'diproses'),
(517, 6, 4, '1985-03-27', '2005-06-12', 681143.00, 'batal'),
(518, 5, 8, '2012-08-24', '2020-09-06', 1139499.00, 'selesai'),
(519, 1, 6, '2017-02-14', '1996-07-23', 1981814.00, 'batal'),
(520, 5, 6, '2002-12-09', '1990-08-01', 678149.00, 'selesai'),
(521, 2, 2, '1996-02-27', '1982-11-17', 307674.00, 'batal'),
(522, NULL, 1, '1987-01-26', '1994-03-06', 221285.00, 'diproses'),
(523, 2, 8, '2021-03-14', '2013-02-16', 1108164.00, 'selesai'),
(524, 6, 4, '2002-09-28', '2012-10-31', 253790.00, 'selesai'),
(525, 1, 8, '1995-02-26', '2005-02-26', 548816.00, 'diproses'),
(526, 2, 8, '2018-02-06', '1999-11-30', 657213.00, 'diproses'),
(527, 5, 3, '2004-06-12', '1978-12-31', 1863535.00, 'batal'),
(528, 6, 2, '2010-01-22', '2005-11-18', 1990000.00, 'batal'),
(529, 1, 8, '1976-08-01', '2019-07-06', 1786302.00, 'batal'),
(530, 2, 4, '2011-07-12', '1982-02-16', 797455.00, 'selesai'),
(531, 2, 2, '1993-05-01', '1998-04-15', 103790.00, 'diproses'),
(532, 1, 6, '2023-02-18', '1980-11-22', 1233981.00, 'batal'),
(533, 1, 3, '1989-01-26', '1990-03-26', 185530.00, 'batal'),
(534, 1, 8, '2025-01-20', '2012-08-12', 338525.00, 'batal'),
(535, 2, 1, '2021-09-13', '2022-12-05', 1939841.00, 'selesai'),
(536, 1, 4, '1985-04-28', '2021-01-21', 406012.00, 'batal'),
(537, 1, 8, '2009-07-19', '2010-10-05', 346383.00, 'diproses'),
(538, 2, 3, '1981-09-03', '2018-04-16', 1212086.00, 'selesai'),
(539, 6, 1, '2014-03-15', '1979-04-29', 433500.00, 'diproses'),
(540, 2, 6, '1975-04-27', '2009-05-10', 189075.00, 'diproses'),
(541, 2, 2, '1990-03-24', '2020-03-16', 245884.00, 'selesai'),
(542, NULL, 2, '1972-08-28', '1985-03-10', 1123725.00, 'diproses'),
(543, NULL, 8, '1981-03-16', '1990-09-10', 282356.00, 'batal'),
(544, 1, 8, '2003-09-22', '1996-09-16', 1720712.00, 'batal'),
(545, 6, 3, '1993-12-11', '1987-12-28', 1650765.00, 'diproses'),
(546, 6, 4, '1992-07-12', '1988-07-06', 1405564.00, 'selesai'),
(547, 6, 1, '2004-09-24', '1999-02-07', 1261584.00, 'selesai'),
(548, 6, 8, '2014-01-21', '1970-12-07', 352162.00, 'diproses'),
(549, NULL, 4, '2020-05-06', '1970-06-18', 704935.00, 'diproses'),
(550, NULL, 4, '1985-06-04', '2013-03-01', 1982374.00, 'batal'),
(551, 1, 3, '2008-09-01', '2011-08-01', 175732.00, 'selesai'),
(552, 1, 6, '2004-02-17', '1984-04-23', 128468.00, 'selesai'),
(553, NULL, 2, '1993-08-20', '1975-07-23', 555299.00, 'batal'),
(554, 6, 6, '1976-03-12', '1977-11-27', 1007242.00, 'batal'),
(555, NULL, 3, '2011-06-20', '1996-12-07', 521237.00, 'diproses'),
(556, 1, 4, '2023-11-05', '1971-06-28', 1500129.00, 'batal'),
(557, 2, 2, '2004-09-05', '1973-06-15', 413441.00, 'selesai'),
(558, 2, 6, '1976-04-13', '2011-01-21', 823852.00, 'batal'),
(559, 2, 1, '2017-05-07', '2019-05-12', 888846.00, 'batal'),
(560, 6, 1, '1990-04-25', '2008-11-17', 1793128.00, 'selesai'),
(561, 1, 4, '1997-10-11', '1983-06-17', 299283.00, 'diproses'),
(562, 2, 8, '1985-12-25', '2000-04-04', 1502829.00, 'batal'),
(563, 2, 8, '2018-10-23', '1996-12-09', 190661.00, 'diproses'),
(564, 6, 4, '2002-01-01', '2017-12-23', 845457.00, 'diproses'),
(565, 2, 8, '2024-09-03', '2017-11-29', 1420378.00, 'diproses'),
(566, 5, 1, '2016-02-05', '1986-01-28', 1849206.00, 'diproses'),
(567, 6, 1, '1991-10-23', '1999-09-09', 1005614.00, 'diproses'),
(568, NULL, 3, '1975-08-08', '1996-08-11', 276031.00, 'diproses'),
(569, 2, 2, '2008-11-25', '1970-04-12', 1207161.00, 'diproses'),
(570, 5, 6, '1996-01-26', '1991-01-22', 846897.00, 'diproses'),
(571, 5, 4, '1985-04-30', '1987-06-17', 602888.00, 'diproses'),
(572, 5, 3, '2013-01-07', '2023-12-31', 1171766.00, 'selesai'),
(573, NULL, 8, '1975-02-15', '2016-09-25', 480422.00, 'selesai'),
(574, 6, 4, '1974-11-26', '1992-03-26', 1383077.00, 'diproses'),
(575, NULL, 3, '2021-06-13', '1985-08-13', 182116.00, 'batal'),
(576, 1, 4, '1973-09-18', '2021-11-27', 801480.00, 'batal'),
(577, 5, 1, '2020-01-05', '2007-03-13', 327783.00, 'selesai'),
(578, 6, 4, '2025-04-10', '2012-05-28', 1673118.00, 'batal'),
(579, 5, 6, '2010-07-18', '2022-01-29', 1553778.00, 'selesai'),
(580, 5, 3, '2019-01-23', '1985-12-13', 1021888.00, 'diproses'),
(581, 6, 8, '1979-02-20', '1982-10-13', 131095.00, 'batal'),
(582, NULL, 1, '1993-11-03', '2020-02-14', 1586642.00, 'diproses'),
(583, 1, 6, '1996-05-24', '1992-03-31', 208092.00, 'batal'),
(584, NULL, 8, '1976-01-31', '2005-11-23', 1292584.00, 'batal'),
(585, 2, 4, '1979-01-21', '1982-08-04', 687816.00, 'selesai'),
(586, 1, 1, '2013-09-26', '1985-06-07', 1961954.00, 'batal'),
(587, NULL, 1, '1988-06-06', '1972-07-30', 1483673.00, 'diproses'),
(588, 1, 4, '1993-02-17', '1992-05-06', 1717061.00, 'selesai'),
(589, 2, 4, '1990-09-19', '1991-06-23', 1749864.00, 'batal'),
(590, 5, 4, '1989-08-02', '1983-05-06', 530162.00, 'batal'),
(591, NULL, 4, '2009-12-06', '2020-01-04', 1814263.00, 'diproses'),
(592, 1, 4, '1983-02-12', '2018-09-28', 1659984.00, 'batal'),
(593, 2, 8, '1973-01-11', '1984-02-28', 519593.00, 'diproses'),
(594, 5, 1, '2015-10-08', '1977-01-26', 711292.00, 'batal'),
(595, 5, 2, '2015-12-25', '2020-04-05', 219460.00, 'selesai'),
(596, 1, 6, '2006-05-30', '1976-03-16', 898876.00, 'selesai'),
(597, NULL, 8, '2024-03-25', '1980-12-07', 1620226.00, 'batal'),
(598, 2, 1, '1980-01-25', '2021-02-01', 700659.00, 'batal'),
(599, 6, 3, '1988-04-06', '1987-05-28', 225082.00, 'batal'),
(600, 5, 1, '1985-11-09', '1992-08-14', 1430696.00, 'batal'),
(601, 2, 1, '2012-09-30', '2019-10-08', 1199876.00, 'selesai'),
(602, 6, 4, '2018-09-29', '1990-06-21', 990459.00, 'selesai'),
(603, 6, 4, '2001-11-22', '1979-06-22', 1922351.00, 'selesai'),
(604, 1, 8, '2005-01-14', '2012-12-13', 1485884.00, 'batal'),
(605, 1, 3, '1999-10-20', '2013-11-28', 343968.00, 'selesai'),
(606, 2, 8, '1972-08-28', '2007-01-26', 386494.00, 'diproses'),
(607, 2, 6, '1973-01-25', '2000-02-09', 249644.00, 'selesai'),
(608, 2, 2, '1981-05-17', '1975-10-04', 887087.00, 'selesai'),
(609, 1, 8, '2011-07-14', '1994-05-28', 1485301.00, 'batal'),
(610, 6, 4, '2010-06-18', '1993-03-01', 1221907.00, 'batal'),
(611, 5, 1, '1997-01-30', '1980-03-01', 1006885.00, 'diproses'),
(612, 2, 2, '1993-09-15', '1993-03-27', 1570208.00, 'diproses'),
(613, 6, 3, '1996-01-07', '1996-05-27', 322519.00, 'batal'),
(614, 5, 3, '1997-12-27', '2017-01-29', 1804084.00, 'batal'),
(615, 2, 6, '1992-03-26', '1984-01-17', 1033086.00, 'selesai'),
(616, NULL, 1, '1994-01-03', '1978-09-09', 169620.00, 'diproses'),
(617, 6, 8, '2006-05-28', '1987-12-27', 1424144.00, 'batal'),
(618, 6, 6, '2006-08-21', '1981-07-13', 426255.00, 'batal'),
(619, NULL, 4, '2007-02-22', '2013-01-12', 593537.00, 'diproses'),
(620, 5, 3, '1972-07-31', '1989-10-09', 1895733.00, 'selesai'),
(621, 2, 2, '1987-05-07', '2015-10-28', 1938896.00, 'selesai'),
(622, 1, 3, '2005-01-29', '1978-10-09', 108126.00, 'selesai'),
(623, NULL, 8, '1984-07-20', '2021-07-13', 723341.00, 'selesai'),
(624, 5, 8, '1996-07-30', '2023-01-27', 1915526.00, 'batal'),
(625, 5, 8, '2016-07-18', '2013-08-09', 759915.00, 'batal'),
(626, 6, 8, '1998-10-14', '2004-04-22', 1667052.00, 'diproses'),
(627, NULL, 8, '2005-06-30', '1983-12-02', 583963.00, 'diproses'),
(628, 5, 6, '2001-12-12', '2000-08-05', 1279313.00, 'batal'),
(629, 2, 2, '2016-05-02', '2018-12-07', 1115599.00, 'selesai'),
(630, NULL, 2, '1998-06-03', '1976-10-27', 111962.00, 'diproses'),
(631, 1, 2, '1970-07-27', '2018-09-26', 178195.00, 'selesai'),
(632, 1, 4, '1992-04-24', '1988-05-04', 915435.00, 'selesai'),
(633, 6, 6, '1970-11-23', '1990-01-27', 430134.00, 'diproses'),
(634, 5, 3, '1990-05-14', '1990-10-27', 990560.00, 'diproses'),
(635, 5, 6, '1989-10-26', '1984-12-23', 599330.00, 'batal'),
(636, 1, 4, '1991-12-26', '1993-09-15', 1329246.00, 'batal'),
(637, 6, 6, '2007-10-17', '1993-02-04', 583540.00, 'batal'),
(638, 2, 1, '1975-02-06', '1970-01-06', 1992571.00, 'batal'),
(639, 6, 4, '2015-08-11', '1995-05-11', 1827011.00, 'batal'),
(640, 6, 8, '1984-09-25', '2024-08-23', 1555955.00, 'selesai'),
(641, 2, 4, '1997-08-06', '1994-06-24', 508021.00, 'batal'),
(642, 5, 8, '1998-03-20', '1984-04-05', 1676355.00, 'diproses'),
(643, NULL, 3, '2014-08-13', '2019-04-02', 778422.00, 'selesai'),
(644, NULL, 1, '1991-10-18', '1970-10-27', 692794.00, 'batal'),
(645, NULL, 1, '1980-12-10', '2005-01-16', 1976119.00, 'batal'),
(646, 1, 6, '2020-12-01', '1980-10-03', 695661.00, 'batal'),
(647, 1, 6, '1983-12-27', '1982-05-30', 108920.00, 'batal'),
(648, NULL, 1, '1991-01-06', '2009-10-15', 124366.00, 'diproses'),
(649, NULL, 6, '1976-02-26', '1974-08-27', 1793014.00, 'diproses'),
(650, 1, 4, '1982-11-29', '1972-09-22', 1713862.00, 'selesai'),
(651, 1, 4, '1990-10-31', '2022-03-28', 1503484.00, 'selesai'),
(652, 1, 6, '2007-12-10', '2015-02-13', 1570627.00, 'batal'),
(653, 5, 6, '1974-08-12', '1986-07-24', 901632.00, 'selesai'),
(654, 6, 2, '1970-09-03', '1987-09-28', 560381.00, 'batal'),
(655, 6, 4, '2015-02-24', '1999-06-14', 956021.00, 'batal'),
(656, 6, 4, '2000-09-24', '2024-06-30', 1249805.00, 'diproses'),
(657, 5, 3, '2012-10-28', '1974-05-06', 369543.00, 'batal'),
(658, 6, 8, '2007-11-06', '1992-10-04', 286332.00, 'batal'),
(659, 6, 3, '1989-10-25', '1995-07-17', 802383.00, 'diproses'),
(660, 6, 1, '2016-02-11', '1970-10-16', 1355034.00, 'batal'),
(661, 2, 6, '2024-06-16', '1981-01-03', 357765.00, 'batal'),
(662, NULL, 6, '2002-02-28', '1981-09-20', 770155.00, 'batal'),
(663, 2, 1, '1973-03-21', '1997-04-11', 620905.00, 'diproses'),
(664, 6, 1, '2006-08-22', '2011-11-03', 1626586.00, 'batal'),
(665, 2, 3, '1997-12-28', '2017-07-31', 805880.00, 'selesai'),
(666, NULL, 4, '2005-02-11', '2020-03-25', 327973.00, 'selesai'),
(667, 6, 4, '1985-06-07', '1992-08-12', 1243354.00, 'batal'),
(668, 5, 4, '2000-04-17', '1998-11-27', 1383178.00, 'selesai'),
(669, 1, 1, '1999-05-09', '2024-10-19', 680798.00, 'diproses'),
(670, NULL, 1, '1987-07-28', '1984-08-06', 1217552.00, 'batal'),
(671, 1, 4, '2021-06-09', '2024-04-09', 1879390.00, 'diproses'),
(672, 2, 3, '1970-10-19', '1985-09-13', 1464352.00, 'diproses'),
(673, 2, 1, '2017-12-03', '2012-07-17', 1407615.00, 'batal'),
(674, 5, 2, '1986-11-29', '2002-08-31', 1146812.00, 'selesai'),
(675, 2, 4, '2001-09-06', '1983-12-29', 680693.00, 'diproses'),
(676, NULL, 8, '1975-12-16', '1985-02-22', 1806213.00, 'selesai'),
(677, 1, 6, '2012-08-25', '1995-03-14', 1785420.00, 'selesai'),
(678, 2, 6, '2003-07-11', '2011-10-04', 775448.00, 'batal'),
(679, 1, 3, '1998-01-28', '1999-05-05', 260523.00, 'diproses'),
(680, NULL, 4, '1971-07-09', '1997-05-31', 1766978.00, 'selesai'),
(681, NULL, 1, '2015-10-23', '1971-11-07', 689818.00, 'batal'),
(682, 6, 4, '2018-10-30', '2022-08-25', 1571720.00, 'diproses'),
(683, 2, 6, '1985-05-18', '2015-04-15', 266032.00, 'diproses'),
(684, 1, 4, '1995-05-07', '2017-10-31', 1711109.00, 'batal'),
(685, NULL, 1, '2000-11-26', '2004-04-17', 1282063.00, 'selesai'),
(686, 1, 6, '2014-11-09', '2015-04-03', 547860.00, 'batal'),
(687, NULL, 3, '1994-03-22', '1988-02-14', 542211.00, 'batal'),
(688, 5, 6, '1995-06-26', '2013-02-22', 1067585.00, 'batal'),
(689, NULL, 4, '1973-04-02', '2018-05-01', 1598765.00, 'diproses'),
(690, 5, 3, '2025-05-07', '2006-06-23', 976233.00, 'diproses'),
(691, 5, 8, '2007-12-22', '1980-09-02', 256157.00, 'diproses'),
(692, 2, 8, '1980-08-07', '1988-04-02', 310501.00, 'diproses'),
(693, 2, 8, '1998-03-08', '1984-10-12', 733194.00, 'batal'),
(694, 2, 4, '1987-01-22', '2016-11-19', 1799232.00, 'diproses'),
(695, 5, 1, '1975-01-19', '2022-09-21', 104936.00, 'selesai'),
(696, 2, 6, '1985-12-18', '1996-11-03', 470392.00, 'selesai'),
(697, 1, 8, '2018-10-26', '1990-11-08', 1197206.00, 'selesai'),
(698, 5, 6, '2013-02-15', '1994-09-25', 1800016.00, 'diproses'),
(699, NULL, 6, '1972-01-05', '2021-01-28', 1854546.00, 'diproses'),
(700, 1, 2, '1994-02-03', '2013-05-20', 364880.00, 'selesai'),
(701, NULL, 8, '2008-11-21', '2009-06-13', 253896.00, 'diproses'),
(702, 2, 1, '1993-04-26', '2007-01-08', 1547224.00, 'selesai'),
(703, 1, 8, '2019-03-03', '1980-11-24', 102271.00, 'selesai'),
(704, 6, 6, '1975-08-12', '2007-12-25', 894820.00, 'selesai'),
(705, 1, 2, '1990-01-26', '2002-05-23', 1350645.00, 'diproses'),
(706, 5, 8, '2012-10-08', '1994-05-01', 1467056.00, 'batal'),
(707, 2, 8, '1996-11-03', '2024-06-08', 835881.00, 'selesai'),
(708, 6, 4, '2019-04-06', '2007-07-28', 880248.00, 'batal'),
(709, 1, 6, '1977-03-21', '2023-12-11', 428060.00, 'selesai'),
(710, 2, 6, '2011-07-23', '1980-11-08', 221857.00, 'diproses'),
(711, 2, 8, '1985-05-12', '1985-07-06', 1386744.00, 'diproses'),
(712, 6, 3, '1997-09-25', '1989-01-20', 873555.00, 'diproses'),
(713, 2, 8, '1977-12-21', '2014-02-27', 1637977.00, 'diproses'),
(714, 6, 4, '1974-02-23', '1986-12-09', 301290.00, 'batal'),
(715, 2, 6, '2005-05-06', '2023-03-03', 932152.00, 'diproses'),
(716, 1, 3, '1985-06-10', '1971-10-29', 1368952.00, 'batal'),
(717, 6, 1, '2002-12-15', '2001-06-24', 1177069.00, 'batal'),
(718, 5, 2, '1992-10-02', '2008-03-05', 380541.00, 'batal'),
(719, NULL, 8, '2004-04-30', '2024-08-21', 1282523.00, 'batal'),
(720, 5, 6, '1997-02-01', '2016-03-25', 143295.00, 'diproses'),
(721, 5, 2, '1976-07-23', '1990-04-28', 1228354.00, 'batal'),
(722, 1, 4, '1974-11-17', '1993-10-03', 872214.00, 'batal'),
(723, 5, 1, '2022-11-09', '2002-11-23', 1913929.00, 'selesai'),
(724, 1, 2, '2012-03-16', '1971-09-10', 1376799.00, 'batal'),
(725, 2, 4, '2007-06-28', '2012-03-30', 1461610.00, 'diproses'),
(726, 6, 4, '2008-08-09', '1993-02-04', 1173737.00, 'diproses'),
(727, 6, 1, '1993-01-23', '1983-02-11', 354274.00, 'selesai'),
(728, 6, 2, '1978-08-30', '2017-07-20', 1795755.00, 'diproses'),
(729, 6, 1, '2014-04-28', '1970-10-24', 1750225.00, 'batal'),
(730, 5, 6, '2000-06-25', '1988-03-18', 1608641.00, 'batal'),
(731, NULL, 6, '2010-11-04', '2004-12-02', 945805.00, 'batal'),
(732, 6, 3, '2017-04-06', '1973-10-24', 1992601.00, 'batal'),
(733, 6, 4, '1972-04-08', '2008-10-13', 616402.00, 'selesai'),
(734, 1, 2, '1990-08-04', '2010-07-03', 598077.00, 'selesai'),
(735, NULL, 2, '2024-02-04', '2018-08-31', 658237.00, 'selesai'),
(736, 2, 2, '1971-05-10', '2010-01-04', 978972.00, 'selesai'),
(737, NULL, 2, '2016-01-04', '1985-09-05', 1300015.00, 'selesai'),
(738, 1, 8, '1985-03-20', '1976-10-30', 1204289.00, 'batal'),
(739, 2, 2, '1979-09-28', '2007-01-19', 951034.00, 'batal'),
(740, 1, 6, '1996-12-24', '1978-02-22', 853558.00, 'batal'),
(741, 6, 6, '1986-03-05', '2014-03-07', 917420.00, 'batal'),
(742, 6, 4, '1995-05-22', '2013-05-05', 834297.00, 'diproses'),
(743, 6, 8, '1981-01-03', '2023-12-08', 1247423.00, 'batal'),
(744, 6, 2, '1982-06-14', '2001-10-15', 613991.00, 'batal'),
(745, 6, 8, '2013-07-26', '2014-05-12', 915247.00, 'selesai'),
(746, NULL, 3, '2024-03-14', '1995-01-11', 464680.00, 'batal'),
(747, 2, 8, '2021-07-09', '1991-07-17', 655030.00, 'batal'),
(748, 6, 1, '2012-07-02', '2000-02-06', 1462604.00, 'diproses'),
(749, NULL, 8, '1973-10-09', '1979-08-02', 1983168.00, 'batal'),
(750, NULL, 4, '1990-06-20', '2006-02-09', 183995.00, 'selesai'),
(751, 2, 3, '2019-01-08', '1990-06-28', 1724878.00, 'diproses'),
(752, 1, 8, '1990-08-19', '1978-05-01', 1259295.00, 'selesai'),
(753, 6, 3, '2004-09-07', '2002-08-02', 1318644.00, 'selesai'),
(754, 5, 1, '2011-08-22', '1973-12-23', 1244314.00, 'selesai'),
(755, 1, 6, '2017-05-07', '1984-01-30', 1674342.00, 'selesai'),
(756, NULL, 3, '2003-04-08', '1977-07-21', 324207.00, 'batal'),
(757, 5, 3, '1992-11-01', '2018-01-25', 1055854.00, 'selesai'),
(758, 2, 2, '2023-04-15', '2005-04-23', 1074714.00, 'diproses'),
(759, 2, 8, '2013-04-13', '2008-01-01', 821191.00, 'selesai'),
(760, NULL, 2, '1972-10-31', '2004-08-27', 1609527.00, 'batal'),
(761, 1, 8, '1997-01-22', '1972-10-29', 1065281.00, 'batal'),
(762, NULL, 2, '1993-10-14', '1985-01-10', 1242090.00, 'batal'),
(763, 6, 6, '1993-09-09', '1983-01-29', 1760774.00, 'diproses'),
(764, 6, 4, '2009-10-16', '2024-07-13', 227477.00, 'selesai'),
(765, 6, 2, '1970-03-19', '2004-09-21', 1646655.00, 'selesai'),
(766, 5, 6, '2002-05-17', '1998-12-11', 794763.00, 'batal'),
(767, NULL, 6, '2004-10-01', '2012-08-09', 209108.00, 'batal'),
(768, 5, 1, '2019-09-21', '1986-02-01', 1309302.00, 'selesai'),
(769, 2, 1, '1977-02-05', '2010-12-10', 957339.00, 'diproses'),
(770, 6, 2, '2016-12-08', '2002-10-17', 1664993.00, 'selesai'),
(771, 5, 8, '1999-10-22', '2002-01-21', 1804187.00, 'batal'),
(772, 6, 1, '2011-08-05', '2023-05-01', 1510610.00, 'selesai'),
(773, 1, 2, '1992-07-09', '1990-10-20', 1608472.00, 'selesai'),
(774, 6, 4, '2012-02-03', '2001-06-29', 660677.00, 'diproses'),
(775, 1, 2, '1973-05-31', '1991-07-15', 1250372.00, 'selesai'),
(776, 1, 8, '1988-07-13', '2002-12-19', 1135464.00, 'selesai'),
(777, NULL, 2, '2001-03-15', '2023-01-10', 904690.00, 'selesai'),
(778, NULL, 3, '2008-11-09', '1973-11-20', 1199725.00, 'diproses'),
(779, NULL, 1, '1973-01-17', '1974-04-05', 1012407.00, 'batal'),
(780, 5, 1, '2014-02-25', '2012-04-01', 1601352.00, 'batal'),
(781, 6, 2, '1983-03-24', '1987-08-22', 692989.00, 'diproses'),
(782, 6, 3, '2019-05-14', '1975-11-19', 1282258.00, 'selesai'),
(783, 6, 1, '1994-01-20', '1975-03-13', 1655396.00, 'selesai'),
(784, 1, 8, '1986-07-26', '1991-09-29', 1897662.00, 'diproses'),
(785, 5, 6, '2012-02-18', '1990-01-28', 1078073.00, 'diproses'),
(786, NULL, 2, '2017-03-23', '1979-11-11', 1298525.00, 'selesai'),
(787, 2, 6, '2023-03-20', '1984-01-15', 351983.00, 'selesai'),
(788, 1, 2, '2007-04-04', '1993-05-19', 1318286.00, 'selesai'),
(789, NULL, 8, '2005-11-01', '2025-01-30', 888387.00, 'diproses'),
(790, 1, 2, '2014-06-08', '1991-09-16', 1592206.00, 'batal'),
(791, 6, 8, '1971-11-20', '2020-01-18', 599121.00, 'diproses'),
(792, 1, 3, '2014-05-09', '1975-03-07', 457515.00, 'selesai'),
(793, 2, 3, '2025-06-26', '2014-06-26', 642402.00, 'diproses'),
(794, 5, 3, '2010-03-30', '2016-04-24', 1990539.00, 'diproses'),
(795, 1, 1, '1989-12-15', '1999-07-15', 440705.00, 'selesai'),
(796, 6, 1, '2011-04-13', '1989-04-29', 305636.00, 'selesai'),
(797, 2, 8, '1971-08-09', '1982-06-19', 1538440.00, 'diproses'),
(798, NULL, 6, '1996-01-25', '1973-03-30', 1208916.00, 'diproses'),
(799, 1, 2, '1990-08-10', '2011-10-11', 1947862.00, 'selesai'),
(800, 6, 4, '1990-07-14', '2007-08-06', 1181029.00, 'batal'),
(801, 1, 1, '2001-07-30', '1981-11-25', 662408.00, 'batal'),
(802, 1, 4, '1989-06-21', '1980-09-06', 657587.00, 'diproses'),
(803, 6, 3, '2011-12-02', '1974-01-14', 1323360.00, 'selesai'),
(804, 1, 2, '2014-06-05', '1982-07-13', 1014575.00, 'diproses'),
(805, 6, 1, '1971-12-12', '1972-03-19', 716069.00, 'batal'),
(806, NULL, 4, '1977-04-15', '2021-06-18', 1144730.00, 'selesai'),
(807, 5, 2, '1970-10-26', '1981-05-28', 293096.00, 'selesai'),
(808, NULL, 6, '1975-11-30', '2020-11-19', 1688469.00, 'diproses'),
(809, NULL, 3, '2010-03-11', '1988-06-04', 1863650.00, 'batal'),
(810, 2, 6, '2025-05-05', '1990-02-14', 1920713.00, 'batal'),
(811, 6, 6, '1993-12-10', '1977-06-25', 662062.00, 'batal'),
(812, 1, 8, '2012-02-01', '2011-09-29', 1099857.00, 'diproses'),
(813, 6, 2, '2015-01-31', '1971-05-09', 376268.00, 'selesai'),
(814, 2, 1, '1998-10-22', '1992-01-15', 717022.00, 'diproses'),
(815, NULL, 4, '2007-12-07', '1981-02-20', 1577874.00, 'selesai'),
(816, 5, 3, '2012-12-15', '2022-08-12', 1207398.00, 'batal'),
(817, 6, 1, '1990-08-07', '1988-04-09', 1979821.00, 'batal'),
(818, 5, 4, '1982-11-06', '2002-12-24', 1335804.00, 'diproses'),
(819, 6, 8, '2010-02-14', '2003-03-21', 1905934.00, 'diproses'),
(820, 1, 1, '2014-03-27', '2010-08-11', 1350376.00, 'selesai'),
(821, 2, 2, '1992-06-23', '2001-07-29', 836114.00, 'selesai'),
(822, 5, 2, '2018-10-29', '1982-06-06', 1204763.00, 'diproses'),
(823, NULL, 1, '1988-07-02', '2015-11-28', 1847213.00, 'diproses'),
(824, 1, 4, '1980-10-25', '2013-11-04', 1586386.00, 'batal'),
(825, NULL, 8, '1972-04-28', '1973-08-04', 252424.00, 'selesai');
INSERT INTO `pemesanan` (`id_pemesanan`, `id_user`, `id_kendaraan`, `tgl_mulai`, `tgl_selesai`, `total_harga`, `status`) VALUES
(826, 2, 6, '2002-09-05', '2015-03-11', 1389445.00, 'selesai'),
(827, NULL, 1, '2008-12-19', '1979-12-08', 1202225.00, 'selesai'),
(828, 2, 6, '2020-05-11', '2023-10-24', 425385.00, 'selesai'),
(829, 1, 8, '2008-12-18', '2022-02-11', 1276107.00, 'diproses'),
(830, 5, 3, '2016-01-31', '1998-06-07', 208212.00, 'batal'),
(831, 6, 3, '1972-05-06', '1979-05-07', 1212987.00, 'diproses'),
(832, NULL, 3, '1994-06-10', '2001-09-28', 951403.00, 'diproses'),
(833, 1, 1, '1990-11-21', '1979-07-19', 377205.00, 'diproses'),
(834, NULL, 3, '1979-04-28', '2012-08-15', 159595.00, 'batal'),
(835, 1, 6, '2006-04-16', '1997-12-20', 1467805.00, 'diproses'),
(836, 5, 3, '2012-10-05', '1981-08-31', 1637967.00, 'selesai'),
(837, 5, 1, '1987-06-08', '2016-06-25', 790010.00, 'selesai'),
(838, 1, 6, '2025-04-28', '1982-03-25', 493412.00, 'batal'),
(839, 2, 6, '2011-10-09', '2020-04-22', 1547556.00, 'batal'),
(840, 2, 6, '1979-02-05', '2012-06-01', 1388893.00, 'batal'),
(841, 2, 2, '1983-07-06', '2023-06-08', 461277.00, 'selesai'),
(842, 5, 6, '1971-05-11', '1988-06-23', 167918.00, 'diproses'),
(843, 1, 6, '1993-07-20', '2020-09-18', 1988201.00, 'selesai'),
(844, NULL, 8, '2009-02-05', '1988-04-17', 135612.00, 'batal'),
(845, 5, 6, '2001-02-15', '2022-07-12', 1223765.00, 'batal'),
(846, 1, 4, '1988-05-05', '2023-09-21', 1551139.00, 'selesai'),
(847, 5, 2, '1989-02-28', '2022-07-23', 659222.00, 'diproses'),
(848, 6, 1, '1971-09-07', '1975-05-23', 177991.00, 'diproses'),
(849, 6, 1, '1984-09-20', '2020-09-28', 879663.00, 'selesai'),
(850, 5, 8, '1993-10-11', '1987-10-22', 1329987.00, 'batal'),
(851, 2, 4, '1997-11-07', '2001-01-26', 984661.00, 'selesai'),
(852, NULL, 3, '1989-05-29', '2014-10-09', 553908.00, 'diproses'),
(853, 6, 2, '1974-04-17', '1993-07-14', 232713.00, 'diproses'),
(854, 2, 6, '2012-02-09', '2004-08-12', 1553126.00, 'batal'),
(855, 2, 6, '1986-10-07', '1984-01-30', 1836864.00, 'diproses'),
(856, NULL, 2, '2010-09-04', '2011-12-03', 555872.00, 'diproses'),
(857, 6, 2, '1978-05-12', '1986-08-18', 358318.00, 'diproses'),
(858, NULL, 1, '1995-06-12', '1986-02-04', 1640725.00, 'diproses'),
(859, NULL, 3, '1972-09-11', '2012-09-01', 261648.00, 'diproses'),
(860, 5, 4, '1978-04-21', '1974-12-22', 1950118.00, 'batal'),
(861, 1, 6, '1973-11-23', '2004-04-09', 1896070.00, 'selesai'),
(862, 2, 4, '1982-03-30', '2010-12-01', 990614.00, 'batal'),
(863, NULL, 4, '2001-12-10', '2015-08-15', 183028.00, 'selesai'),
(864, 1, 8, '1974-09-24', '1986-10-09', 377135.00, 'diproses'),
(865, 1, 6, '1997-10-17', '1973-12-21', 113045.00, 'batal'),
(866, 2, 6, '2024-12-15', '1978-12-13', 1508178.00, 'diproses'),
(867, 1, 8, '2000-08-26', '2018-01-03', 1706745.00, 'selesai'),
(868, 2, 6, '1995-12-07', '1999-10-02', 1402361.00, 'diproses'),
(869, 2, 3, '2024-07-16', '1996-11-18', 1413385.00, 'selesai'),
(870, 1, 2, '1978-11-27', '2015-12-26', 303928.00, 'diproses'),
(871, NULL, 2, '2016-10-31', '1987-04-17', 1486573.00, 'batal'),
(872, 6, 2, '2017-05-19', '2004-11-30', 1388807.00, 'diproses'),
(873, 6, 8, '1986-03-26', '1978-06-09', 741497.00, 'diproses'),
(874, 6, 3, '2015-09-14', '2007-08-01', 1540902.00, 'diproses'),
(875, 5, 6, '1980-04-05', '2017-09-07', 870502.00, 'diproses'),
(876, 2, 6, '2014-04-04', '2021-10-03', 1045718.00, 'diproses'),
(877, NULL, 8, '2001-03-02', '2014-11-17', 1737635.00, 'batal'),
(878, 2, 1, '2002-04-07', '2004-02-12', 1361681.00, 'selesai'),
(879, 1, 2, '1971-10-22', '2006-11-14', 1106503.00, 'selesai'),
(880, 5, 1, '1995-03-19', '1977-02-26', 441390.00, 'batal'),
(881, 2, 1, '2014-11-21', '1980-03-25', 322844.00, 'selesai'),
(882, 1, 1, '2009-01-04', '1987-09-14', 1041775.00, 'diproses'),
(883, 1, 3, '2003-12-04', '2006-03-14', 521113.00, 'batal'),
(884, 1, 2, '2020-03-27', '1985-01-23', 168771.00, 'selesai'),
(885, 5, 1, '2016-11-15', '1979-08-01', 1936610.00, 'selesai'),
(886, 6, 3, '2002-09-06', '1982-07-27', 534125.00, 'selesai'),
(887, NULL, 1, '1984-02-17', '2016-06-03', 1739692.00, 'diproses'),
(888, 2, 8, '1977-11-10', '2017-05-26', 519776.00, 'batal'),
(889, 6, 1, '1979-04-03', '1982-06-07', 1695500.00, 'diproses'),
(890, 6, 3, '2004-01-23', '1983-01-11', 1906001.00, 'diproses'),
(891, 5, 2, '2024-04-09', '1994-12-02', 1051559.00, 'diproses'),
(892, NULL, 3, '1991-11-09', '1991-08-19', 1593686.00, 'diproses'),
(893, 2, 8, '2000-07-02', '2019-05-27', 914314.00, 'batal'),
(894, 1, 1, '2000-03-17', '1993-02-17', 704587.00, 'selesai'),
(895, 6, 8, '1976-04-16', '1987-05-18', 1732529.00, 'selesai'),
(896, 6, 6, '1988-12-31', '2004-06-26', 124040.00, 'batal'),
(897, 6, 1, '2015-03-06', '1995-01-21', 1053459.00, 'batal'),
(898, 2, 4, '2013-03-18', '2004-08-26', 985396.00, 'selesai'),
(899, 5, 8, '2018-11-11', '2020-01-13', 1454492.00, 'diproses'),
(900, NULL, 1, '2012-10-05', '1992-01-16', 1108726.00, 'diproses'),
(901, 5, 3, '2002-10-19', '2018-11-29', 661982.00, 'batal'),
(902, 2, 1, '1984-04-17', '2025-01-11', 1643667.00, 'selesai'),
(903, NULL, 1, '1974-08-24', '2021-01-30', 1489827.00, 'selesai'),
(904, NULL, 1, '1993-12-21', '1996-02-28', 308588.00, 'selesai'),
(905, 6, 4, '2022-04-27', '1975-04-03', 474420.00, 'diproses'),
(906, 6, 8, '1972-06-01', '2009-11-18', 1413711.00, 'diproses'),
(907, NULL, 3, '2001-05-03', '1978-06-13', 1004810.00, 'diproses'),
(908, 2, 2, '1990-05-03', '1986-06-09', 1547935.00, 'batal'),
(909, 5, 2, '1978-10-11', '1996-08-26', 211479.00, 'diproses'),
(910, 6, 6, '1996-06-30', '2019-03-16', 1920693.00, 'diproses'),
(911, 2, 2, '2012-01-20', '1986-01-13', 115197.00, 'diproses'),
(912, 5, 8, '2023-08-31', '1973-12-17', 626960.00, 'selesai'),
(913, 1, 2, '2012-09-17', '1998-12-21', 920300.00, 'diproses'),
(914, 6, 2, '1984-10-20', '2025-01-11', 265375.00, 'selesai'),
(915, 6, 2, '1972-01-29', '2022-10-09', 889330.00, 'diproses'),
(916, 6, 3, '1974-07-04', '1991-04-30', 1767081.00, 'diproses'),
(917, 2, 2, '1975-07-30', '2021-01-04', 510675.00, 'selesai'),
(918, 6, 2, '2012-08-15', '1974-01-08', 1180171.00, 'selesai'),
(919, NULL, 3, '2011-01-15', '1978-01-09', 1061920.00, 'batal'),
(920, 1, 1, '1993-09-21', '1991-11-11', 1774469.00, 'diproses'),
(921, NULL, 2, '1987-07-03', '1986-11-22', 1652802.00, 'diproses'),
(922, 1, 2, '2004-07-07', '1979-03-13', 450821.00, 'selesai'),
(923, 1, 6, '1987-10-10', '1998-08-22', 1160015.00, 'selesai'),
(924, 1, 8, '2009-05-29', '2001-07-02', 1979537.00, 'diproses'),
(925, 2, 6, '2017-08-16', '2002-02-27', 1572263.00, 'selesai'),
(926, 1, 8, '1970-04-10', '2012-07-22', 1640231.00, 'batal'),
(927, NULL, 6, '2002-01-02', '2011-05-28', 574470.00, 'selesai'),
(928, NULL, 2, '2022-06-22', '1994-03-14', 560238.00, 'selesai'),
(929, 6, 6, '2009-03-27', '2009-05-24', 474189.00, 'diproses'),
(930, 2, 4, '1989-10-15', '2009-08-10', 637758.00, 'selesai'),
(931, 2, 6, '1998-09-19', '1984-01-31', 1302777.00, 'batal'),
(932, 6, 1, '1999-06-09', '1975-11-24', 1590511.00, 'batal'),
(933, 5, 1, '1978-02-21', '1986-12-17', 429337.00, 'diproses'),
(934, 2, 6, '2011-12-07', '1979-03-15', 1143857.00, 'diproses'),
(935, 2, 3, '2009-10-12', '2015-08-28', 1582937.00, 'selesai'),
(936, 5, 8, '2009-01-08', '2016-03-01', 1431852.00, 'selesai'),
(937, 5, 6, '1975-01-06', '1982-11-02', 100793.00, 'batal'),
(938, 1, 4, '2008-07-26', '2024-01-27', 1453303.00, 'selesai'),
(939, NULL, 4, '1998-08-28', '1988-04-14', 1462515.00, 'selesai'),
(940, 2, 1, '1982-06-28', '1982-12-06', 1204918.00, 'diproses'),
(941, 6, 2, '2000-10-16', '1992-05-01', 802330.00, 'diproses'),
(942, NULL, 2, '1982-12-12', '1974-04-22', 495337.00, 'batal'),
(943, NULL, 8, '2014-04-27', '1993-03-22', 488428.00, 'batal'),
(944, 6, 8, '2008-03-01', '1982-12-01', 897847.00, 'diproses'),
(945, 2, 2, '1972-03-02', '2014-10-24', 1712365.00, 'batal'),
(946, 1, 8, '1986-09-01', '1976-04-05', 1528160.00, 'batal'),
(947, 2, 2, '2016-06-18', '2006-05-20', 458783.00, 'selesai'),
(948, 2, 1, '2024-05-09', '1996-09-24', 180180.00, 'diproses'),
(949, 5, 4, '1973-05-30', '2001-09-21', 1534746.00, 'diproses'),
(950, 1, 4, '2021-12-20', '2011-06-30', 441885.00, 'selesai'),
(951, 2, 6, '1997-12-10', '2008-05-11', 1008137.00, 'batal'),
(952, NULL, 6, '2013-02-02', '2016-04-06', 1954562.00, 'diproses'),
(953, 2, 6, '2002-11-14', '2005-01-20', 665527.00, 'selesai'),
(954, 2, 2, '1996-03-11', '1993-02-21', 1069690.00, 'selesai'),
(955, 6, 2, '1993-01-12', '1971-05-12', 1718702.00, 'diproses'),
(956, NULL, 4, '1992-12-19', '1974-11-27', 1044020.00, 'batal'),
(957, NULL, 4, '2025-06-10', '2008-06-21', 1644426.00, 'batal'),
(958, 1, 6, '2010-07-16', '1976-11-21', 113174.00, 'batal'),
(959, 2, 1, '1980-09-22', '1990-03-12', 273678.00, 'selesai'),
(960, 1, 3, '2020-03-23', '1985-12-14', 529330.00, 'diproses'),
(961, NULL, 6, '2008-06-21', '2020-08-23', 887810.00, 'diproses'),
(962, 6, 6, '2012-10-29', '2000-05-09', 1515001.00, 'diproses'),
(963, 5, 1, '2004-04-01', '2021-06-15', 844587.00, 'batal'),
(964, 6, 3, '2005-11-07', '1975-06-06', 481267.00, 'diproses'),
(965, NULL, 4, '2022-01-17', '1972-01-08', 163213.00, 'selesai'),
(966, 1, 4, '2008-11-10', '1978-02-25', 1735523.00, 'diproses'),
(967, 2, 1, '1975-12-28', '1974-02-09', 1897153.00, 'selesai'),
(968, NULL, 2, '1971-02-17', '1993-02-04', 848913.00, 'batal'),
(969, 6, 6, '2010-12-14', '2013-10-24', 1356409.00, 'batal'),
(970, 1, 8, '2005-04-21', '1996-06-30', 376252.00, 'diproses'),
(971, NULL, 2, '2012-02-28', '2021-02-17', 772581.00, 'batal'),
(972, NULL, 2, '2007-05-20', '1992-05-12', 1425591.00, 'batal'),
(973, 1, 6, '2018-08-07', '2012-10-14', 354819.00, 'batal'),
(974, 1, 1, '1973-12-21', '2018-03-31', 1093893.00, 'diproses'),
(975, NULL, 3, '2022-12-22', '2015-03-07', 348433.00, 'batal'),
(976, NULL, 2, '1984-04-24', '1997-03-13', 1094769.00, 'selesai'),
(977, 2, 6, '1992-12-16', '1990-03-10', 122212.00, 'diproses'),
(978, NULL, 8, '1984-10-16', '1976-02-27', 1086048.00, 'selesai'),
(979, 1, 8, '1982-03-19', '1975-03-31', 541151.00, 'batal'),
(980, NULL, 3, '1991-03-24', '1985-07-05', 1720766.00, 'batal'),
(981, NULL, 2, '1971-03-08', '2023-07-29', 1367203.00, 'batal'),
(982, 6, 8, '2019-05-16', '1973-11-10', 1150569.00, 'selesai'),
(983, 5, 8, '2021-10-07', '1990-09-06', 750315.00, 'batal'),
(984, 6, 8, '1996-03-29', '2007-01-12', 1110124.00, 'selesai'),
(985, NULL, 8, '1998-08-09', '1992-02-01', 661563.00, 'diproses'),
(986, 6, 4, '1995-04-24', '2009-11-27', 1449370.00, 'selesai'),
(987, 1, 4, '2012-08-12', '2000-02-29', 834814.00, 'selesai'),
(988, NULL, 6, '2000-06-30', '1979-05-18', 859045.00, 'selesai'),
(989, NULL, 8, '1970-10-28', '2000-07-01', 811490.00, 'selesai'),
(990, NULL, 6, '1976-04-22', '1997-06-22', 517757.00, 'diproses'),
(991, NULL, 2, '2021-01-27', '1996-09-10', 1567507.00, 'batal'),
(992, 2, 6, '1979-11-07', '2010-02-23', 244087.00, 'diproses'),
(993, NULL, 2, '1992-09-03', '1992-02-02', 849988.00, 'diproses'),
(994, 6, 8, '2011-03-31', '2024-08-19', 1854120.00, 'diproses'),
(995, 2, 4, '1975-05-17', '2014-05-19', 1839462.00, 'diproses'),
(996, 2, 1, '1998-09-13', '2018-03-23', 1150611.00, 'batal'),
(997, 1, 6, '2006-11-21', '2018-12-08', 643334.00, 'diproses'),
(998, NULL, 3, '1994-03-22', '2002-01-10', 1994857.00, 'selesai'),
(999, 2, 3, '2011-02-17', '1985-10-22', 1310326.00, 'selesai'),
(1000, 2, 3, '1993-09-22', '1970-02-21', 1636469.00, 'selesai'),
(1001, 1, 2, '1990-04-28', '2006-08-13', 1480389.00, 'selesai'),
(1002, NULL, 2, '2010-08-05', '2021-02-25', 809724.00, 'selesai'),
(1003, 1, 4, '1993-09-10', '1991-10-26', 1160919.00, 'diproses'),
(1004, 1, 3, '1990-05-01', '1973-06-22', 624743.00, 'batal'),
(1005, 2, 3, '1994-12-22', '1990-08-09', 1973171.00, 'batal'),
(1006, 2, 3, '1970-08-26', '2014-07-26', 1199688.00, 'diproses'),
(1007, NULL, 2, '2002-10-14', '1977-05-31', 805384.00, 'diproses'),
(1008, 2, 4, '1991-10-24', '1999-03-28', 1624726.00, 'diproses'),
(1009, 1, 4, '1975-07-23', '1996-06-24', 1186771.00, 'batal'),
(1010, 6, 6, '1991-03-27', '2005-10-05', 1737170.00, 'batal'),
(1011, 5, 4, '2008-06-26', '1980-08-18', 700064.00, 'selesai'),
(1012, 2, 3, '2014-11-24', '2003-03-29', 1272615.00, 'selesai'),
(1013, 1, 6, '2011-03-24', '1989-05-28', 1457602.00, 'batal'),
(1014, NULL, 3, '1974-04-10', '2016-05-03', 1448549.00, 'diproses'),
(1015, NULL, 1, '2006-06-12', '1976-11-18', 1733582.00, 'selesai'),
(1016, 1, 2, '1979-11-14', '2013-06-08', 1732620.00, 'batal'),
(1017, 2, 8, '2001-11-25', '2004-01-07', 1841598.00, 'selesai'),
(1018, 1, 6, '2002-09-19', '2022-10-18', 1946010.00, 'selesai'),
(1019, 1, 6, '1995-02-17', '1976-12-04', 232196.00, 'batal'),
(1020, 6, 4, '1989-01-08', '2009-05-12', 1883912.00, 'diproses'),
(1021, NULL, 3, '2009-06-24', '2024-05-31', 1331688.00, 'diproses'),
(1022, 1, 4, '2003-10-20', '2020-01-03', 1570231.00, 'batal'),
(1023, 6, 4, '2022-05-22', '1971-10-23', 635614.00, 'diproses'),
(1024, 2, 8, '2010-03-31', '1985-03-20', 782581.00, 'batal'),
(1025, 1, 2, '2016-12-06', '1995-12-23', 710867.00, 'diproses'),
(1026, NULL, 3, '1992-12-24', '1982-03-20', 1812523.00, 'batal'),
(1027, 2, 2, '1992-08-21', '1986-08-30', 792386.00, 'batal'),
(1028, 2, 2, '2012-02-27', '1996-02-16', 1303942.00, 'selesai'),
(1029, 5, 6, '1995-04-23', '2006-04-06', 1705831.00, 'diproses'),
(1030, 6, 3, '2017-10-24', '1992-04-17', 136488.00, 'batal'),
(1031, 1, 8, '1980-03-20', '2023-04-14', 535375.00, 'diproses'),
(1032, 5, 4, '1978-07-19', '2011-02-18', 880017.00, 'diproses'),
(1033, NULL, 4, '2004-05-05', '1971-05-16', 1511508.00, 'selesai'),
(1034, 2, 2, '2022-01-19', '1990-10-30', 1281560.00, 'selesai'),
(1035, NULL, 1, '2023-05-05', '2014-07-05', 991459.00, 'selesai'),
(1036, 6, 8, '1986-01-06', '2024-12-31', 1517253.00, 'diproses'),
(1037, 5, 3, '2006-10-07', '2017-05-14', 1972926.00, 'diproses'),
(1038, 1, 4, '2018-05-18', '1984-12-16', 882283.00, 'diproses'),
(1039, 5, 8, '1984-07-18', '2014-04-21', 1328927.00, 'batal'),
(1040, 5, 3, '1975-11-24', '1974-12-31', 1239031.00, 'batal'),
(1041, NULL, 6, '2004-07-02', '1976-05-08', 1724522.00, 'diproses'),
(1042, 1, 1, '2005-02-07', '1998-01-17', 1727141.00, 'selesai'),
(1043, 1, 4, '1976-07-21', '1977-11-11', 376395.00, 'diproses'),
(1044, 1, 2, '1982-10-26', '1979-03-01', 703876.00, 'selesai'),
(1045, 1, 4, '2022-06-13', '2005-03-11', 263373.00, 'selesai'),
(1046, 5, 3, '2004-01-02', '2011-06-01', 398189.00, 'diproses'),
(1047, 2, 1, '2020-02-25', '2017-03-25', 1571332.00, 'selesai'),
(1048, 2, 1, '1997-11-25', '2001-10-24', 1032291.00, 'batal'),
(1049, NULL, 8, '1983-04-30', '2001-02-16', 1510405.00, 'diproses'),
(1050, 6, 6, '2014-09-21', '1993-01-15', 949239.00, 'selesai'),
(1051, 1, 6, '2011-10-19', '1983-01-23', 337444.00, 'diproses'),
(1052, 5, 3, '2009-06-04', '2007-09-29', 890769.00, 'batal'),
(1053, 5, 4, '2024-06-11', '2013-06-22', 974617.00, 'diproses'),
(1054, NULL, 6, '2010-01-12', '2008-11-20', 526212.00, 'batal');

--
-- Trigger `pemesanan`
--
DELIMITER $$
CREATE TRIGGER `cek_ketersediaan_kendaraan` BEFORE INSERT ON `pemesanan` FOR EACH ROW BEGIN
    DECLARE status_kendaraan VARCHAR(20);
    SELECT status INTO status_kendaraan 
    FROM kendaraan WHERE id_kendaraan = NEW.id_kendaraan;

    IF status_kendaraan = 'disewa' THEN
        SIGNAL SQLSTATE '45000' SET MESSAGE_TEXT = 'Kendaraan sedang disewa!';
    END IF;
END
$$
DELIMITER ;
DELIMITER $$
CREATE TRIGGER `kembalikan_status_kendaraan` AFTER DELETE ON `pemesanan` FOR EACH ROW BEGIN
    UPDATE kendaraan SET status = 'Tersedia'
    WHERE id_kendaraan = OLD.id_kendaraan;
END
$$
DELIMITER ;
DELIMITER $$
CREATE TRIGGER `update_status_kendaraan` AFTER INSERT ON `pemesanan` FOR EACH ROW BEGIN
    UPDATE kendaraan SET status = 'disewa'
    WHERE id_kendaraan = NEW.id_kendaraan;
END
$$
DELIMITER ;

-- --------------------------------------------------------

--
-- Struktur dari tabel `sessions`
--

CREATE TABLE `sessions` (
  `id` varchar(255) NOT NULL,
  `user_id` bigint(20) UNSIGNED DEFAULT NULL,
  `ip_address` varchar(45) DEFAULT NULL,
  `user_agent` text DEFAULT NULL,
  `payload` longtext NOT NULL,
  `last_activity` int(11) NOT NULL
) ENGINE=InnoDB DEFAULT CHARSET=utf8mb4 COLLATE=utf8mb4_unicode_ci;

--
-- Dumping data untuk tabel `sessions`
--

INSERT INTO `sessions` (`id`, `user_id`, `ip_address`, `user_agent`, `payload`, `last_activity`) VALUES
('hDrtXROqC8UNqAZ4vu6WCz1R6zthVEi9nXyxNimY', NULL, '127.0.0.1', 'Mozilla/5.0 (Linux; Android 6.0; Nexus 5 Build/MRA58N) AppleWebKit/537.36 (KHTML, like Gecko) Chrome/138.0.0.0 Mobile Safari/537.36', 'YTozOntzOjY6Il90b2tlbiI7czo0MDoiTE94MFBlcXU1U3draVhUVVd2eVFKV1ZEb0t5Q1RWZ1F3S256TGZ1NiI7czo5OiJfcHJldmlvdXMiO2E6MTp7czozOiJ1cmwiO3M6MjE6Imh0dHA6Ly9sb2NhbGhvc3Q6ODAwMCI7fXM6NjoiX2ZsYXNoIjthOjI6e3M6Mzoib2xkIjthOjA6e31zOjM6Im5ldyI7YTowOnt9fX0=', 1752657339),
('Vf5af9otqe74HVnduB4OhSygebvJ8Xsg1vyuIJCB', NULL, '127.0.0.1', 'Mozilla/5.0 (Macintosh; Intel Mac OS X 10_15_7) AppleWebKit/537.36 (KHTML, like Gecko) Chrome/138.0.0.0 Safari/537.36', 'YTozOntzOjY6Il90b2tlbiI7czo0MDoieE9lVGd0aURNNkFJamNJTUM2czd2VDhjUnNDaWdnU251UEFmU1NxUiI7czo5OiJfcHJldmlvdXMiO2E6MTp7czozOiJ1cmwiO3M6MjE6Imh0dHA6Ly8xMjcuMC4wLjE6ODAwMCI7fXM6NjoiX2ZsYXNoIjthOjI6e3M6Mzoib2xkIjthOjA6e31zOjM6Im5ldyI7YTowOnt9fX0=', 1752655196),
('XC2aIOf0bNmhINvPpug4vknmkYalfj8kTAMxepGO', NULL, '127.0.0.1', 'Mozilla/5.0 (Macintosh; Intel Mac OS X 10_15_7) AppleWebKit/537.36 (KHTML, like Gecko) Chrome/138.0.0.0 Safari/537.36', 'YTozOntzOjY6Il90b2tlbiI7czo0MDoiMHVoRnFGYWhjZ0l5bmJKM0ZsemE5Nm9NRlZIUnZjOEFReWN3UEtXSiI7czo5OiJfcHJldmlvdXMiO2E6MTp7czozOiJ1cmwiO3M6MjE6Imh0dHA6Ly8xMjcuMC4wLjE6ODAwMCI7fXM6NjoiX2ZsYXNoIjthOjI6e3M6Mzoib2xkIjthOjA6e31zOjM6Im5ldyI7YTowOnt9fX0=', 1752665153);

-- --------------------------------------------------------

--
-- Struktur dari tabel `user`
--

CREATE TABLE `user` (
  `id_user` int(10) UNSIGNED NOT NULL,
  `nama` varchar(100) DEFAULT NULL,
  `email` varchar(100) DEFAULT NULL,
  `password` varchar(255) NOT NULL,
  `no_hp` varchar(15) DEFAULT NULL,
  `alamat` text DEFAULT NULL
) ENGINE=InnoDB DEFAULT CHARSET=utf8mb4 COLLATE=utf8mb4_unicode_ci;

--
-- Dumping data untuk tabel `user`
--

INSERT INTO `user` (`id_user`, `nama`, `email`, `password`, `no_hp`, `alamat`) VALUES
(1, 'Salma Cantik', 'salma@gmail.com', '$2a$12$jUAu.0BpjBuq7jIaF5tDZOJaWY5M0bVkDaXF5HAnqPgftD0awn/PW', '08123', 'Yogyakarta'),
(2, 'Hanjaya Hartono', 'hanjaya@gmail.com', '$2y$10$8DVHgEQn3RdQ5vw4FqeRlu3Dy/l.BEFU8xVLJkTr/5ub5qNvkMNGC', '08123', 'Sleman'),
(5, 'Ahmad Baihaqi', 'ubayaja@gmail.com', '$2y$10$qv7.uJDQghpfU0LpAgKKWuArKkqfpuffqWRPA/4HRVQ8Im95MFmt.', '086542816437', 'Amikom'),
(6, 'Rizal Anggoro', 'anggororizal09@gmail.com', '$2y$10$l.aQe5FOYp.2TwpXuaa9vOYeoWKopZy3JrBuymbRCHefcpJKiJoJy', '081228356763', 'Ngelolor Kadipiro Jumapolo'),
(8, 'Danang', 'danang86@gmail.com', '$2y$12$F03VUz37mhYAKT8SW7wVwuFWXbYKNARV10B.CiSVwBDg08oUpmpPy', NULL, NULL),
(9, 'Izzuddin', 'Izza@gmail.com', '$2y$12$gukXxi3TO/Vv0Ls5c8gqAe/R9zSiISbfDpKHEx6VB3Um06HPKftY6', NULL, NULL),
(10, 'Alfin Nabil', 'penjol@gmail.com', '$2y$12$wUNcx81vme8QqpHzAjtCZ.MpAhu.cffNY/QLqzrN3fXykeNs6rwXS', NULL, NULL);

-- --------------------------------------------------------

--
-- Struktur dari tabel `users`
--

CREATE TABLE `users` (
  `id` bigint(20) UNSIGNED NOT NULL,
  `name` varchar(255) NOT NULL,
  `email` varchar(255) NOT NULL,
  `email_verified_at` timestamp NULL DEFAULT NULL,
  `password` varchar(255) NOT NULL,
  `remember_token` varchar(100) DEFAULT NULL,
  `created_at` timestamp NULL DEFAULT NULL,
  `updated_at` timestamp NULL DEFAULT NULL
) ENGINE=InnoDB DEFAULT CHARSET=utf8mb4 COLLATE=utf8mb4_unicode_ci;

-- --------------------------------------------------------

--
-- Stand-in struktur untuk tampilan `view_data_user`
-- (Lihat di bawah untuk tampilan aktual)
--
CREATE TABLE `view_data_user` (
`id_user` int(10) unsigned
,`nama` varchar(100)
,`email` varchar(100)
);

-- --------------------------------------------------------

--
-- Stand-in struktur untuk tampilan `view_kendaraan_tersedia`
-- (Lihat di bawah untuk tampilan aktual)
--
CREATE TABLE `view_kendaraan_tersedia` (
`id_kendaraan` int(10) unsigned
,`tipe` varchar(50)
,`jenis` varchar(50)
,`plat_nomor` varchar(20)
,`harga_perhari` decimal(10,2)
,`gambar` varchar(100)
,`status` varchar(50)
);

-- --------------------------------------------------------

--
-- Stand-in struktur untuk tampilan `view_user_email_gmail`
-- (Lihat di bawah untuk tampilan aktual)
--
CREATE TABLE `view_user_email_gmail` (
`id_user` int(10) unsigned
,`nama` varchar(100)
,`email` varchar(100)
);

-- --------------------------------------------------------

--
-- Struktur untuk view `view_data_user`
--
DROP TABLE IF EXISTS `view_data_user`;

CREATE ALGORITHM=UNDEFINED DEFINER=`root`@`localhost` SQL SECURITY DEFINER VIEW `view_data_user`  AS SELECT `user`.`id_user` AS `id_user`, `user`.`nama` AS `nama`, `user`.`email` AS `email` FROM `user` ;

-- --------------------------------------------------------

--
-- Struktur untuk view `view_kendaraan_tersedia`
--
DROP TABLE IF EXISTS `view_kendaraan_tersedia`;

CREATE ALGORITHM=UNDEFINED DEFINER=`root`@`localhost` SQL SECURITY DEFINER VIEW `view_kendaraan_tersedia`  AS SELECT `kendaraan`.`id_kendaraan` AS `id_kendaraan`, `kendaraan`.`tipe` AS `tipe`, `kendaraan`.`jenis` AS `jenis`, `kendaraan`.`plat_nomor` AS `plat_nomor`, `kendaraan`.`harga_perhari` AS `harga_perhari`, `kendaraan`.`gambar` AS `gambar`, `kendaraan`.`status` AS `status` FROM `kendaraan` WHERE `kendaraan`.`status` = 'Tersedia' ;

-- --------------------------------------------------------

--
-- Struktur untuk view `view_user_email_gmail`
--
DROP TABLE IF EXISTS `view_user_email_gmail`;

CREATE ALGORITHM=UNDEFINED DEFINER=`root`@`localhost` SQL SECURITY DEFINER VIEW `view_user_email_gmail`  AS SELECT `view_data_user`.`id_user` AS `id_user`, `view_data_user`.`nama` AS `nama`, `view_data_user`.`email` AS `email` FROM `view_data_user` WHERE `view_data_user`.`email` like '%@gmail.com'WITH CASCADED CHECK OPTION  ;

--
-- Indexes for dumped tables
--

--
-- Indeks untuk tabel `admin`
--
ALTER TABLE `admin`
  ADD PRIMARY KEY (`id_admin`),
  ADD UNIQUE KEY `admin_username_unique` (`username`);

--
-- Indeks untuk tabel `cache`
--
ALTER TABLE `cache`
  ADD PRIMARY KEY (`key`);

--
-- Indeks untuk tabel `cache_locks`
--
ALTER TABLE `cache_locks`
  ADD PRIMARY KEY (`key`);

--
-- Indeks untuk tabel `failed_jobs`
--
ALTER TABLE `failed_jobs`
  ADD PRIMARY KEY (`id`),
  ADD UNIQUE KEY `failed_jobs_uuid_unique` (`uuid`);

--
-- Indeks untuk tabel `jobs`
--
ALTER TABLE `jobs`
  ADD PRIMARY KEY (`id`),
  ADD KEY `jobs_queue_index` (`queue`);

--
-- Indeks untuk tabel `job_batches`
--
ALTER TABLE `job_batches`
  ADD PRIMARY KEY (`id`);

--
-- Indeks untuk tabel `kendaraan`
--
ALTER TABLE `kendaraan`
  ADD PRIMARY KEY (`id_kendaraan`),
  ADD UNIQUE KEY `kendaraan_plat_nomor_unique` (`plat_nomor`),
  ADD KEY `idx_status_tipe` (`status`,`tipe`);

--
-- Indeks untuk tabel `log_akses`
--
ALTER TABLE `log_akses`
  ADD PRIMARY KEY (`id_log`),
  ADD UNIQUE KEY `idx_user_waktu` (`id_user`,`waktu`);

--
-- Indeks untuk tabel `migrations`
--
ALTER TABLE `migrations`
  ADD PRIMARY KEY (`id`);

--
-- Indeks untuk tabel `password_reset_tokens`
--
ALTER TABLE `password_reset_tokens`
  ADD PRIMARY KEY (`email`);

--
-- Indeks untuk tabel `pembayaran`
--
ALTER TABLE `pembayaran`
  ADD PRIMARY KEY (`id_pembayaran`),
  ADD KEY `pembayaran_id_pemesanan_foreign` (`id_pemesanan`);

--
-- Indeks untuk tabel `pemesanan`
--
ALTER TABLE `pemesanan`
  ADD PRIMARY KEY (`id_pemesanan`),
  ADD KEY `pemesanan_id_user_foreign` (`id_user`),
  ADD KEY `pemesanan_id_kendaraan_foreign` (`id_kendaraan`),
  ADD KEY `idx_tanggal` (`tgl_mulai`,`tgl_selesai`);

--
-- Indeks untuk tabel `sessions`
--
ALTER TABLE `sessions`
  ADD PRIMARY KEY (`id`),
  ADD KEY `sessions_user_id_index` (`user_id`),
  ADD KEY `sessions_last_activity_index` (`last_activity`);

--
-- Indeks untuk tabel `user`
--
ALTER TABLE `user`
  ADD PRIMARY KEY (`id_user`),
  ADD UNIQUE KEY `user_email_unique` (`email`);

--
-- Indeks untuk tabel `users`
--
ALTER TABLE `users`
  ADD PRIMARY KEY (`id`),
  ADD UNIQUE KEY `users_email_unique` (`email`);

--
-- AUTO_INCREMENT untuk tabel yang dibuang
--

--
-- AUTO_INCREMENT untuk tabel `admin`
--
ALTER TABLE `admin`
  MODIFY `id_admin` int(10) UNSIGNED NOT NULL AUTO_INCREMENT, AUTO_INCREMENT=12;

--
-- AUTO_INCREMENT untuk tabel `failed_jobs`
--
ALTER TABLE `failed_jobs`
  MODIFY `id` bigint(20) UNSIGNED NOT NULL AUTO_INCREMENT;

--
-- AUTO_INCREMENT untuk tabel `jobs`
--
ALTER TABLE `jobs`
  MODIFY `id` bigint(20) UNSIGNED NOT NULL AUTO_INCREMENT;

--
-- AUTO_INCREMENT untuk tabel `kendaraan`
--
ALTER TABLE `kendaraan`
  MODIFY `id_kendaraan` int(10) UNSIGNED NOT NULL AUTO_INCREMENT, AUTO_INCREMENT=12;

--
-- AUTO_INCREMENT untuk tabel `log_akses`
--
ALTER TABLE `log_akses`
  MODIFY `id_log` int(11) NOT NULL AUTO_INCREMENT;

--
-- AUTO_INCREMENT untuk tabel `migrations`
--
ALTER TABLE `migrations`
  MODIFY `id` int(10) UNSIGNED NOT NULL AUTO_INCREMENT, AUTO_INCREMENT=9;

--
-- AUTO_INCREMENT untuk tabel `pembayaran`
--
ALTER TABLE `pembayaran`
  MODIFY `id_pembayaran` int(10) UNSIGNED NOT NULL AUTO_INCREMENT, AUTO_INCREMENT=22;

--
-- AUTO_INCREMENT untuk tabel `pemesanan`
--
ALTER TABLE `pemesanan`
  MODIFY `id_pemesanan` int(10) UNSIGNED NOT NULL AUTO_INCREMENT, AUTO_INCREMENT=1055;

--
-- AUTO_INCREMENT untuk tabel `user`
--
ALTER TABLE `user`
  MODIFY `id_user` int(10) UNSIGNED NOT NULL AUTO_INCREMENT, AUTO_INCREMENT=11;

--
-- AUTO_INCREMENT untuk tabel `users`
--
ALTER TABLE `users`
  MODIFY `id` bigint(20) UNSIGNED NOT NULL AUTO_INCREMENT;

--
-- Ketidakleluasaan untuk tabel pelimpahan (Dumped Tables)
--

--
-- Ketidakleluasaan untuk tabel `pembayaran`
--
ALTER TABLE `pembayaran`
  ADD CONSTRAINT `pembayaran_id_pemesanan_foreign` FOREIGN KEY (`id_pemesanan`) REFERENCES `pemesanan` (`id_pemesanan`) ON DELETE SET NULL;

--
-- Ketidakleluasaan untuk tabel `pemesanan`
--
ALTER TABLE `pemesanan`
  ADD CONSTRAINT `pemesanan_id_kendaraan_foreign` FOREIGN KEY (`id_kendaraan`) REFERENCES `kendaraan` (`id_kendaraan`) ON DELETE SET NULL,
  ADD CONSTRAINT `pemesanan_id_user_foreign` FOREIGN KEY (`id_user`) REFERENCES `user` (`id_user`) ON DELETE SET NULL;
COMMIT;

/*!40101 SET CHARACTER_SET_CLIENT=@OLD_CHARACTER_SET_CLIENT */;
/*!40101 SET CHARACTER_SET_RESULTS=@OLD_CHARACTER_SET_RESULTS */;
/*!40101 SET COLLATION_CONNECTION=@OLD_COLLATION_CONNECTION */;
